id;x;y
3;16.89302761;48.75361849
5;16.88096527;48.81309147
6;16.85405496;48.83747925
7;16.82149131;48.86684726
8;16.78202001;48.88941073
9;16.70650588;48.91256068
10;16.66815879;48.92430288
11;16.63048976;48.9420236
12;16.60477503;48.9637234
13;16.59486521;49.01121079
14;16.59132498;49.0344335
15;16.59742528;49.05615115
16;16.60536292;49.08529977
17;16.60562526;49.10315233
18;16.60617019;49.13377738
19;16.60689251;49.16745561
21;16.61280169;49.19058191
22;16.63602255;49.20420374
23;16.67367721;49.24271509
24;16.67301183;49.2766447
25;16.6496442;49.3013737
26;16.6496442;49.3013737
27;16.64781457;49.35209016
28;16.63982785;49.36050328
29;16.63399574;49.38693559
30;16.62754464;49.40864409
31;16.62180952;49.43870731
32;16.60942188;49.48043959
33;16.5980449;49.49993003
34;16.58351847;49.52150997
35;16.57090632;49.55597203
36;16.57090632;49.55597203
37;16.53243741;49.60176255
38;16.52453445;49.62301662
39;16.52035811;49.63328362
40;16.50809858;49.65556026
41;16.48471825;49.70123886
42;16.48326129;49.73545646
43;16.4796426;49.75902451
45;16.48594111;49.81506748
46;16.47417341;49.84758112
47;16.44635823;49.89724703
48;16.42256743;49.93568589
49;16.39542508;49.96853109
50;16.37803356;49.97155388
52;16.28526331;49.99968172
54;16.22378421;49.99402764
55;16.17115573;49.98983216
56;16.13575744;49.99590992
57;16.10871635;49.99498086
58;16.06463792;49.99009763
59;16.01499572;49.98735317
60;15.94628532;50.00224373
61;15.8975468;50.01288497
62;15.83053222;50.02744671
63;15.75637506;50.0318909
64;15.75637506;50.0318909
65;15.72372972;50.0319234
66;15.66985696;50.0304259
67;15.61406639;50.03197624
69;15.57448927;50.0396206
70;15.52674865;50.03656965
71;15.478371;50.03174786
72;15.41867436;50.03745954
73;15.39792105;50.04055814
74;15.35919984;50.03739442
75;15.34902387;50.03101093
76;15.29519638;50.01104065
77;15.23385357;50.01177409
79;15.21425416;50.02523751
80;15.21425416;50.02523751
81;15.15067361;50.05504716
82;15.12477347;50.06762087
83;15.07849665;50.07815192
84;15.0275591;50.08976475
85;14.9842804;50.09954244
86;14.92239053;50.11123031
87;14.90385352;50.09464249
88;14.86607977;50.07666039
89;14.80594836;50.07867643
90;14.77067196;50.0769932
91;14.72307693;50.07466432
92;14.66347939;50.08714696
93;14.61554672;50.08362276
94;14.61554672;50.08362276
95;14.56933359;50.08827583
96;14.5432332;50.09754329
97;14.50137421;50.100976
98;14.43698207;50.08299001
99;16.98218446;48.78729725
100;17.02208242;48.79960623
101;17.06199954;48.82759442
102;17.12203581;48.85640947
103;17.19857966;48.89285615
104;17.19857966;48.89285615
105;17.28945473;48.93691983
106;17.31470947;48.97716926
107;17.31470947;48.97716926
108;17.37511586;49.03261036
109;17.3969907;49.05268637
110;17.42303318;49.07629374
111;17.4651287;49.11493582
112;17.49521047;49.14250983
113;17.50476417;49.16311561
114;17.53127487;49.20260444
115;17.50122961;49.25401593
116;17.49124143;49.29176909
117;17.47664673;49.31647588
118;17.45524061;49.3492832
119;17.45394751;49.37896381
120;17.45243483;49.41548696
122;17.4449006;49.44695936
123;17.48490475;49.50315405
124;17.52350987;49.51708603
125;17.57285743;49.52923013
126;17.68227622;49.55242996
127;17.74173396;49.56538384
128;17.79946796;49.5839412
129;17.85548449;49.57434531
130;17.90192901;49.61517053
131;17.93881048;49.64246821
132;17.98504972;49.67791872
133;18.06644504;49.70754467
134;18.15093239;49.74904205
135;18.18976371;49.77870759
136;18.21011349;49.82128076
137;18.23986392;49.83727479
138;18.26705938;49.85149373
139;18.30322539;49.94032002
141;18.35955;49.90074435
143;18.41472956;49.91247499
144;18.46637032;49.90038223
145;18.50938321;49.89762039
146;18.55075109;49.89398964
149;17.37389341;49.46078692
150;17.33746366;49.48208762
151;17.30529184;49.53408189
152;17.27837786;49.59258094
154;17.22109788;49.67103991
155;17.15669035;49.69730159
156;17.09123388;49.72393451
157;16.96850035;49.75832889
158;16.94291706;49.7767802
159;16.91667431;49.8251834
160;16.88711366;49.87218726
161;16.84154522;49.86804718
163;16.77455479;49.87297129
164;16.70998312;49.8592635
166;16.69361621;49.84951224
168;16.65511156;49.86037669
169;16.60449727;49.88010532
170;16.57261904;49.89246568
171;16.49750924;49.8581018
173;18.10025777;49.17623904
174;18.05853737;49.18831654
175;18.05296577;49.20964342
176;18.05296577;49.20964342
177;18.02025156;49.24291178
178;17.99953333;49.25812084
179;18.00096254;49.28637751
180;17.99390557;49.33531348
181;17.94738396;49.37687549
182;17.95879361;49.41723684
183;17.96696502;49.43719811
184;17.96072607;49.47447393
185;17.93389231;49.50380797
186;17.86423991;49.52351072
187;17.83576617;49.53422397
188;17.81300868;49.53681085
189;17.77275214;49.52740473
190;17.74851072;49.53003135
191;16.08034923;49.56856148
193;17.09118349;48.72353347
195;18.7512819;49.52426767
196;18.7512819;49.52426767
197;18.74109247;49.56411185
198;18.75435713;49.59002721
199;14.84699129;50.85581029
200;16.24697894;49.51368978
201;18.69594774;49.65657519
202;18.68106673;49.67070198
203;18.68106673;49.67070198
204;18.64126389;49.70198447
205;18.62622265;49.71692039
207;18.62253974;49.74324754
208;18.59826984;49.78136865
209;18.58668409;49.79520807
210;18.52822235;49.83024028
211;18.52671292;49.85565859
212;14.43968192;50.11065713
213;14.39528362;50.11250964
214;14.39449374;50.13197154
215;14.39841724;50.15964657
216;14.36446675;50.16792543
217;14.35197349;50.17001943
218;14.35570651;50.17940553
219;14.37272447;50.18938472
220;14.36412184;50.20003164
221;14.3487219;50.22460921
222;14.31354899;50.2383896
223;14.3025346;50.26306843
224;14.3025346;50.26306843
225;14.31676302;50.30197258
226;14.34750539;50.319051
227;14.3717167;50.33522182
228;14.41871306;50.36632865
229;14.4365902;50.38885373
230;14.38660865;50.42267196
231;14.36144591;50.45308922
233;14.32542506;50.45678916
234;14.2962259;50.43712917
235;14.26460544;50.42649395
236;14.22906974;50.4598673
237;14.19440238;50.47768423
238;14.17441355;50.48510318
239;14.14951979;50.49131562
240;14.120525;50.49721843
241;14.09217209;50.50302191
243;14.05947047;50.50978621
244;14.04537085;50.5216238
245;14.05625984;50.53867784
246;14.03338327;50.55873982
247;14.03637885;50.57266846
248;14.04836528;50.59687288
250;14.04457634;50.65948753
251;14.08063996;50.66422497
252;14.10692845;50.67257256
253;14.1257627;50.67863648
254;14.13986063;50.670241
255;14.15712889;50.6706772
256;14.18747351;50.68750961
257;14.19154585;50.71578717
258;14.18608653;50.72380702
259;14.18092566;50.74726623
261;14.20129839;50.77356429
262;14.20960502;50.7851309
263;14.22968949;50.79266075
264;14.22151738;50.81689292
265;14.21520236;50.84640857
266;14.21520236;50.84640857
269;14.42124313;48.60236525
270;13.56971637;49.66415578
271;14.44423707;48.68096906
272;14.43233576;48.70205537
273;14.44746767;48.72518656
274;14.46877339;48.77512974
275;14.47243012;48.78881507
276;14.45323333;48.83644751
277;14.45323333;48.83644751
278;14.4479567;48.85157497
279;14.41954426;48.87009659
280;14.44894247;48.89116517
281;14.44894247;48.89116517
282;14.44955905;48.92446879
283;14.48860718;48.97448867
284;14.48860718;48.97448867
285;14.47937678;48.99478473
287;14.48231962;49.01962509
288;14.4664237;49.03498015
289;14.46418206;49.050704
290;14.52922244;49.07858421
291;14.57434881;49.09725512
292;14.60585041;49.12602118
293;14.62285891;49.14116326
294;14.62285891;49.14116326
295;14.66601927;49.16716265
296;14.71685586;49.19378962
297;14.71685586;49.19378962
298;14.72424187;49.22450359
299;14.72594228;49.25532486
301;14.72036717;49.32126904
302;14.706263;49.35394983
303;14.6973537;49.37956992
304;14.69257194;49.39344563
305;14.67718111;49.41409574
306;14.66862035;49.47295249
307;14.65976966;49.50734563
308;14.65462368;49.53653426
309;14.62187698;49.54319506
310;14.61364246;49.56051276
311;14.59664;49.577721
312;14.58446446;49.60199362
313;14.61959634;49.63789362
314;14.62393701;49.66666374
315;14.65189082;49.69829355
316;14.66633866;49.74166231
317;14.68259664;49.77996723
318;14.6979266;49.83210139
319;14.70173632;49.85033754
320;14.69843929;49.86117684
321;14.71457047;49.86879986
322;14.72761534;49.89718203
323;14.72012891;49.91035512
324;14.70716138;49.93259453
325;14.67767828;49.94954591
326;14.65736496;49.96980905
327;14.66427198;49.99723789
328;14.62568126;50.01400979
329;14.59134026;50.03387187
330;14.5658292;50.04785906
331;14.53824051;50.05502234
333;14.44775903;50.0646569
334;14.40805857;50.06128852
335;14.38887799;50.0114549
336;14.36424721;49.98601276
337;14.32342263;49.95954938
338;14.33034102;49.94624928
339;14.30505243;49.93283759
340;14.28788069;49.92749156
341;14.23882428;49.91648933
342;14.20304686;49.91873861
343;14.17549481;49.9320249
344;14.13113962;49.93700595
345;14.07649206;49.95717172
347;14.04064293;49.94300817
348;14.02041147;49.92831106
349;13.97963382;49.90777236
350;13.95939832;49.88592397
351;13.92932899;49.86875041
352;13.89899492;49.84328152
353;13.83645535;49.8369851
354;13.77913843;49.82260221
355;13.76794406;49.80080474
356;13.74018917;49.78347387
357;13.69997291;49.77412298
358;13.656796;49.75517845
360;13.592048;49.74012209
361;13.53830199;49.74914924
362;13.51172874;49.75164489
363;13.41605893;49.75852142
364;13.38805818;49.74354386
365;13.36745356;49.74011954
366;13.34617506;49.74163819
367;13.28456449;49.72982883
368;13.24202269;49.72443871
369;13.20947846;49.71499796
370;13.21569793;49.68051494
371;13.19828325;49.65709271
372;13.15511281;49.63972095
373;13.12247708;49.63609814
374;13.10128317;49.59724493
375;13.09309966;49.58006909
376;13.07163738;49.54747876
377;13.04304038;49.51780417
378;12.99490176;49.50152325
379;12.98468845;49.46682703
380;12.94315029;49.43505672
381;12.9250682;49.43570422
382;12.86878937;49.39910959
383;12.86513397;49.37437521
386;17.9085361;49.93450897
387;17.9594158;49.91775632
388;18.00770436;49.91269851
389;18.03094528;49.90946235
390;18.0470963;49.90720705
391;18.09305648;49.90123545
392;18.14138026;49.89783135
393;18.17244429;49.87932057
394;18.19567032;49.84205946
395;13.32598621;49.74753545
396;13.30371249;49.75161817
397;13.27633396;49.75995361
398;13.24492145;49.76236124
399;13.16690937;49.77706986
400;13.12998788;49.78596063
401;13.12998788;49.78596063
402;13.06182736;49.76213224
403;13.04125725;49.76207444
404;13.00061993;49.74128447
405;12.93836623;49.74419047
406;12.91123007;49.76304795
407;12.84590402;49.78615346
408;16.82366664;48.8898791
409;12.74135441;49.82897576
411;12.72475189;49.90282976
412;12.69456278;49.95688875
413;12.66506576;49.97710299
414;12.61407854;49.99336956
415;12.54043527;50.01174246
416;12.50374882;50.02688784
417;12.45776289;50.02913096
418;12.4413969;50.04950943
419;12.41046613;50.05040446
420;12.38069931;50.07358434
421;12.35903746;50.11672274
422;12.35558833;50.12437317
423;14.44343382;48.9267891
424;14.40590844;48.92667747
425;14.36572589;48.92661463
426;14.3574247;48.91752428
427;14.33130808;48.90460892
428;14.32460602;48.8932027
429;14.34864742;48.88334119
430;14.35086726;48.86400714
431;14.3517086;48.85059537
432;14.34091278;48.82879022
433;14.33480206;48.82792075
434;14.3170264;48.8224267
435;13.82922836;50.64645752
436;13.83870006;50.66158206
437;13.87877287;50.67235854
438;13.92643106;50.70364907
441;14.02970862;50.6581488
442;13.19612624;50.38510856
443;13.258495;50.41175934
444;13.33040417;50.44180356
445;13.41394508;50.46992564
446;13.41394508;50.46992564
447;13.44763185;50.48556527
449;13.57974014;50.52339848
450;13.65826356;50.51121354
451;13.72559692;50.52519985
452;13.75964012;50.54151143
453;13.77208104;50.55405806
454;13.78461735;50.57566441
455;13.77172949;50.60135504
456;13.75491411;50.61747423
457;13.75497068;50.63598549
458;13.80085985;50.64246373
459;12.39954122;50.11408606
460;12.47855238;50.11741654
461;12.51946567;50.12577881
462;12.56724505;50.13965164
463;17.60907866;50.55550704
464;12.60717967;50.15360219
465;12.61563762;50.16470719
467;12.64479233;50.18607385
468;12.67501901;50.18931506
469;12.74557305;50.2141185
470;12.75382784;50.23151998
471;12.83191408;50.22887874
472;12.86668864;50.23548353
473;12.8866005;50.25485076
474;12.93784608;50.28021028
475;12.95776719;50.30171752
476;13.01603184;50.30738778
477;13.05871968;50.34047445
478;13.08222589;50.3594813
479;13.11298687;50.36761907
480;13.15535583;50.36698579
481;16.52661761;49.16402459
482;16.50620468;49.15655961
483;16.48292625;49.15391707
484;16.44673689;49.16103431
485;16.40839957;49.17226509
486;16.38458425;49.1783917
487;16.35866342;49.18748971
488;16.29138118;49.17835982
489;16.25753606;49.18346149
490;16.20372396;49.19242968
491;16.14753657;49.20702038
492;16.06905206;49.22257204
493;15.98207169;49.21181665
494;15.98207169;49.21181665
495;15.88435963;49.21149791
496;15.85285554;49.20888148
497;15.80442364;49.2153202
498;15.77086906;49.24799397
499;15.76352545;49.28197668
500;15.7494538;49.30556086
501;15.74733005;49.32285627
502;15.74145627;49.3435345
503;15.73473404;49.36287028
504;15.71002894;49.36955694
505;15.63178165;49.4025643
506;15.59947485;49.41468883
507;14.73261456;49.20715464
508;14.79985739;49.20826042
509;14.86045918;49.18359443
510;14.88337086;49.16929205
511;14.95122184;49.16440759
512;15.00407052;49.1551859
518;15.21241202;49.23699371
521;15.57224514;50.45039438
522;15.32468248;49.31114019
523;15.35601252;49.31389759
524;15.39822571;49.31751622
525;15.46202877;49.34304805
526;15.48226753;49.3572928
527;15.49852506;49.38423788
528;15.51313744;49.40663999
529;15.56805844;49.41026008
530;15.58339625;49.40397173
532;14.46418206;49.050704
533;14.36176711;49.06548459
534;14.3268636;49.08957624
535;14.30121708;49.10621308
536;14.26514477;49.12493733
537;14.22157543;49.15360292
538;14.22062578;49.17269572
539;14.22245988;49.19644347
540;14.21199452;49.21250678
541;15.19203579;50.63401633
542;14.13596257;49.23647547
543;14.10859406;49.24462244
544;14.0572159;49.24939951
545;14.01579902;49.2515548
546;13.97620619;49.25650002
547;13.91630498;49.25515832
548;13.84898803;49.25823505
549;13.82359778;49.26935317
550;13.80084755;49.28861245
551;13.77889256;49.30514103
552;13.73884858;49.3313716
553;13.70099338;49.34586132
554;13.66561818;49.37006977
555;13.62056609;49.39133138
556;13.61326952;49.41358502
557;13.61054029;49.43836684
558;13.60817691;49.4618198
559;13.60885398;49.49755538
560;13.59177414;49.52464925
561;13.5739871;49.55067939
562;13.53145282;49.58122753
563;13.51703851;49.60647124
564;13.51659649;49.6423705
565;13.50351724;49.66940149
566;13.47816478;49.69527364
569;14.95777592;48.7695327
570;14.92277326;48.81188907
571;14.89731777;48.8550962
572;14.87960146;48.87311751
573;14.88281177;48.90226899
574;14.88281177;48.90226899
575;14.86815753;48.95065742
576;14.86815753;48.95065742
577;14.77774119;49.00726686
578;14.76074398;49.0153613
579;14.75010629;49.05367609
580;14.73023562;49.09116785
581;14.73652837;49.1185304
582;14.72837164;49.14810284
583;13.37488856;49.73672103
584;13.38304405;49.72162711
586;13.30331781;49.65639326
587;13.30331781;49.65639326
588;13.29201484;49.62288163
589;13.3225419;49.57516731
590;13.3225419;49.57516731
591;13.31457314;49.54820578
592;13.29945651;49.52684944
593;13.30522778;49.49623228
594;13.2907863;49.47366239
595;13.28657152;49.45020809
596;13.30939224;49.42952332
597;13.27382788;49.40140286
598;13.20980924;49.12185789
599;13.23686085;49.13625617
600;13.22936787;49.14330765
601;13.22259352;49.16163993
602;13.22262565;49.19146745
603;13.17483911;49.21159077
604;13.1787626;49.24956872
605;13.17492163;49.27747986
606;13.15322074;49.29724609
607;13.17950244;49.32087423
608;13.20376773;49.35253945
609;13.2368099;49.38072039
610;15.21008093;50.03738958
611;15.20000764;50.07381139
612;15.19343389;50.10194564
613;15.18309628;50.12762824
614;15.12368767;50.14957434
615;15.1009436;50.164616
617;15.04581253;50.19344749
618;15.00296137;50.18893583
619;14.96207329;50.18592036
620;14.9080266;50.18745146
621;14.89101441;50.18785766
622;14.84290247;50.19548683
623;14.80144946;50.2002847
624;14.74631526;50.20606049
625;14.69231996;50.20980589
626;14.63443185;50.24277469
627;14.61469139;50.25355733
628;14.58481852;50.28229634
629;14.52617405;50.33316935
630;14.49237532;50.35302485
631;14.46773043;50.3752079
632;14.43568962;50.41447367
633;14.39383992;50.45654326
634;14.32724467;50.49156465
635;14.26762113;50.51095799
636;14.21564017;50.52621845
638;14.13898509;50.53260805
639;14.08063323;50.52609629
640;14.04074194;50.56400965
641;14.05341181;50.59298819
642;14.04869954;50.64990812
643;17.75200499;49.09885141
644;17.71659362;49.07705654
645;17.71126547;49.06852849
646;17.68522831;49.03279004
647;17.64351505;49.02180686
648;17.62006255;49.03264799
649;17.57523522;49.04436395
650;17.5269313;49.04645803
651;17.50267064;49.04280713
652;17.47031712;49.05195254
653;17.45735176;49.06671416
654;17.38262313;48.94884599
655;17.39872312;48.96673413
656;17.40353522;48.98196575
657;17.43655902;49.00976353
658;17.44625515;49.01818073
659;17.46108435;49.03817263
660;17.658474;49.22652799
661;17.64071174;49.21996496
662;17.62362347;49.21649876
664;17.59936038;49.20982699
665;17.58467461;49.20764851
666;17.59936038;49.20982699
667;17.54639894;49.20041624
668;16.98310699;49.96179708
669;16.98310699;49.96179708
670;16.93857154;49.92764888
671;16.92304488;49.91011044
672;16.88711366;49.87218726
674;17.26074626;49.57097344
675;17.24427348;49.55876482
676;17.24998686;49.54033468
677;17.24624124;49.52553147
678;17.1980409;49.50171229
679;17.18096666;49.48638999
680;17.15067565;49.48284088
681;17.12958185;49.47235678
682;17.16663863;49.44170333
683;17.19131569;49.411937
684;17.1887461;49.38754854
685;17.16163133;49.35275498
686;17.16146524;49.33570525
687;17.11134625;49.32130998
688;17.08717984;49.30632995
689;17.05940189;49.29165146
690;16.99158249;49.27854875
693;16.86774258;49.19704522
695;16.82457776;49.14346151
696;16.80686544;49.13267419
697;16.78275483;49.11982206
698;16.74569294;49.10728932
699;16.73329807;49.10799037
700;16.6572833;49.1320652
701;16.63120675;49.18896556
702;16.68202131;49.16958588
703;16.72948763;49.15679212
704;16.72948763;49.15679212
705;16.74856495;49.15471338
706;16.79843759;49.16375037
707;15.91115082;50.56520582
708;15.94510546;50.57774857
711;16.00551444;50.53243731
712;16.02158433;50.53981347
713;16.05074687;50.52966541
714;16.09110244;50.49954508
715;16.07324841;50.51559752
716;16.07545791;50.4838352
717;15.53066377;50.52432804
719;16.10075482;50.41109911
720;16.05402702;50.39559304
721;16.02918001;50.37557426
722;15.96886045;50.36074719
723;15.91010005;50.34173977
724;15.87745588;50.3316443
725;15.86958245;50.31550573
726;15.85820531;50.30052392
727;15.82452208;50.27294297
728;15.81779639;50.25264986
729;15.81076717;50.21459961
730;15.79804731;50.20198443
731;15.73163622;50.17518096
732;15.69622131;50.16668713
733;15.65689439;50.15968509
734;15.6108351;50.15754048
735;15.56126312;50.15512122
736;15.50223613;50.15026674
737;15.45720826;50.16358556
738;15.40736389;50.15263668
739;15.32913794;50.14603858
740;15.26367456;50.14010422
741;15.24108813;50.13010357
743;15.0334349;50.18447554
744;15.02862227;50.15280873
745;14.98653451;50.13137294
746;14.96090094;50.12573878
747;16.50768842;50.03142848
748;16.48423777;50.04925214
749;16.450128;50.07376156
750;16.3798505;50.09099328
751;16.35789624;50.08696388
752;16.34033591;50.07050322
753;16.31526696;50.08376885
754;16.29703176;50.10016921
755;16.25886447;50.10938216
756;16.22398185;50.11655493
757;16.20504781;50.11987565
758;16.17360457;50.12848499
759;16.14764263;50.13035062
760;16.10242853;50.14147678
761;16.074051;50.15495941
762;16.04601853;50.17376823
763;15.98216595;50.20007373
764;15.93596821;50.21467307
765;15.85966984;50.22187644
766;15.81016011;50.21406126
767;15.60848993;49.44379112
768;15.62557596;49.45893028
769;15.64171705;49.47827099
770;15.65521569;49.50726335
771;15.65264528;49.54516433
772;15.61845515;49.5794083
773;15.58773624;49.59869461
774;15.53960817;49.61423645
775;15.48776089;49.63064977
776;15.45621266;49.65106134
777;15.31943403;49.67042432
778;15.42424088;49.69049292
779;15.39863844;49.72981716
780;15.39865044;49.76143184
781;15.40424645;49.7835208
782;15.40521193;49.80434129
783;15.4730437;49.82171149
784;15.4730437;49.82171149
786;15.44307798;49.8723471
787;15.39512844;49.91530292
788;15.3414298;49.9314993
789;15.329231;49.9422726
790;15.30072996;49.96200129
791;15.29401371;49.98143514
792;15.9399531;49.55351696
793;15.89633195;49.567422
794;15.84752909;49.56288839
795;15.79859983;49.5553002
796;15.77385974;49.56639166
797;15.74279024;49.56968048
798;15.74279024;49.56968048
799;15.6828107;49.59728797
800;15.65695451;49.60032673
801;15.61423284;49.6100058
802;16.62645469;49.22077435
803;16.59686546;49.23083796
804;16.59044183;49.25069162
805;15.58773624;49.59869461
806;16.53431168;49.30098965
807;16.46610752;49.31936227
808;16.43836165;49.3335729
809;16.41840805;49.3469368
810;16.34731535;49.356423
811;16.30855322;49.36516038
812;16.27062013;49.33669362
813;16.21314151;49.32303228
814;16.16823942;49.32974672
815;16.13652688;49.35047879
816;16.0803769;49.38470641
817;16.05392705;49.4372379
818;16.01539949;49.46797176
819;15.99205385;49.49567049
821;18.28097786;49.83444129
822;18.28292821;49.82906711
823;18.29678298;49.80792317
824;18.29173479;49.79044694
825;18.34003071;49.77903779
826;18.37119243;49.77670745
827;18.41254388;49.79173887
828;18.4397283;49.78824409
829;18.46037885;49.79079374
830;18.48800869;49.79290467
831;18.52462877;49.79292175
833;18.05298227;49.03325367
834;18.03520148;49.04611559
835;18.01401068;49.06768236
836;17.96859998;49.0804024
837;17.9262021;49.09618859
838;17.91506661;49.09797488
839;17.8994488;49.07412132
840;17.87228223;49.05358233
841;17.84307805;49.03746167
842;17.8110524;49.03535518
843;17.8110524;49.03535518
844;17.77802458;49.02125288
845;17.74887008;49.02225031
846;17.72381101;49.03002098
848;13.40031504;49.76834482
849;13.38575586;49.78579355
850;13.39625009;49.80396102
851;13.3945731;49.81911514
852;13.37962612;49.85090121
853;13.37962612;49.85090121
854;13.40284084;49.87142589
855;13.37494773;49.89381855
856;13.37961135;49.93091542
857;13.36271853;49.94740661
858;13.34627872;49.97182078
859;13.36395775;49.98668432
860;13.37473517;50.02378233
861;13.36282306;50.04678594
863;13.39008727;50.09990521
864;13.41271821;50.1196108
865;13.43403607;50.13526103
866;13.42286302;50.1688065
867;13.37401203;50.18402595
868;13.40433037;50.22354134
869;13.41792585;50.26164244
870;14.80722628;50.90383949
874;13.53500103;50.33807806
875;13.55524513;50.33661891
876;13.5419086;50.36458819
877;13.50380098;50.37902104
880;13.42102073;50.39590034
882;17.41616431;49.40829473
883;17.36103045;49.36936895
884;17.30479488;49.3454189
885;17.24721831;49.34381898
886;17.21650826;49.34490523
887;14.49756158;50.11224324
888;14.57082959;50.12299166
889;14.55582307;50.13482516
890;14.51938592;50.14893074
891;14.5276798;50.18054536
892;14.51358907;50.20461369
893;14.50761825;50.21481448
894;14.49913877;50.23729031
895;14.50752027;50.25737663
896;14.51760541;50.26268328
897;14.55722969;50.26777311
898;14.60373231;50.30573405
899;14.65643786;50.3072346
900;14.6704639;50.31717782
901;14.70118945;50.32354488
902;14.78611474;50.31543104
903;14.81024664;50.33970876
904;14.86920314;50.37659681
905;14.8869258;50.40746291
906;14.88731361;50.44805586
907;14.92263536;50.47222192
908;14.93908048;50.47891822
909;14.97831678;50.51838745
910;15.03581504;50.54548774
911;15.05650465;50.55870674
912;15.07859887;50.57909762
913;15.19151611;50.63403167
914;15.13888159;50.5869235
915;15.17166577;50.6038439
916;15.19203579;50.63401633
917;15.2119286;50.64697683
918;15.26522819;50.63997543
919;15.30053041;50.63389494
920;15.32784638;50.65176069
921;15.31929865;50.67624012
922;15.317056;50.70174322
923;15.31372917;50.7116427
924;15.31357756;50.71980719
925;15.31100198;50.74342479
926;14.14276542;49.29660608
927;14.13161504;49.26401207
928;14.13596257;49.23647547
929;14.13590672;49.31270694
930;14.1101411;49.32744897
931;14.09778598;49.35352396
932;14.12460734;49.3919004
933;14.11301318;49.41388972
934;14.08180123;49.44580993
935;14.07668052;49.47025286
936;14.05662066;49.49794325
937;14.03441373;49.50986193
938;14.02398814;49.52938356
939;13.99929703;49.5561243
940;13.99929703;49.5561243
941;13.98793228;49.58872117
942;13.99447341;49.59824054
943;14.00881126;49.6150554
944;14.02163315;49.63233925
945;14.00113708;49.67414363
946;14.00338399;49.68876449
947;14.00300825;49.73863429
948;13.98723938;49.78215622
949;13.97056366;49.80906731
950;13.97428088;49.84644479
951;13.9919105;49.87563102
952;14.08359018;49.9670552
953;14.12434882;49.98430536
954;14.16306841;49.99282355
955;14.21268712;50.01512569
956;14.21268712;50.01512569
957;14.235725;50.035175
958;14.24268864;50.03944227
959;14.26268018;50.02900919
960;14.28047075;50.02628681
961;14.30978173;50.03225084
962;14.34845737;50.03280442
963;14.39398611;50.04063754
964;15.02349347;50.21465738
965;14.95786446;50.25704656
966;14.94901865;50.27237897
968;14.94455464;50.32123824
969;14.94715145;50.33648888
970;14.94035504;50.35504179
971;14.91087198;50.37441301
972;14.92299502;50.48677063
973;14.83597918;50.48830654
974;14.83597918;50.48830654
975;14.7874769;50.49319337
976;14.72939602;50.51605872
977;14.67444814;50.52719381
978;14.64704228;50.57356939
979;14.62949793;50.5871162
980;14.60034998;50.61412883
981;14.58455152;50.63695746
982;14.53252755;50.67718934
983;14.53318115;50.69169311
984;14.52156812;50.74157054
985;14.54735147;50.76070139
986;14.59257414;50.7905213
987;14.5857536;50.83083076
988;14.57029782;50.84271492
989;14.52372215;50.86783984
990;14.5100391;50.88309248
991;14.51208943;50.90727352
992;14.51227967;50.91901159
993;14.55065901;50.95691854
994;14.50692099;50.98126495
996;14.46165437;51.00638106
998;14.43901606;50.10228883
999;14.39963591;50.09696511
1000;14.34621894;50.09500551
1001;14.31054658;50.08395776
1002;14.25837908;50.08407153
1003;14.21168715;50.09428332
1004;14.165771;50.09499049
1005;14.13617647;50.10527824
1006;14.11322025;50.12782598
1007;14.06709886;50.13166843
1008;14.03812499;50.14021475
1009;13.99522624;50.15633762
1010;13.96554132;50.14123678
1011;13.9260831;50.13866653
1012;13.88186395;50.15196208
1013;13.83291326;50.14904659
1014;13.77028117;50.14489432
1015;13.73600616;50.09905137
1016;13.73600616;50.09905137
1017;13.77736409;50.076093
1018;13.79976036;50.06541307
1019;13.81701799;50.05502915
1020;13.85718949;50.05021677
1021;13.87404566;50.02350836
1022;13.87404566;50.02350836
1023;13.89261354;50.0457244
1024;13.91816069;50.03571954
1025;13.92334499;50.02481812
1026;13.95578994;50.01608076
1027;13.99833449;50.00336195
1028;14.04475369;49.98884629
1029;14.51561068;50.34666097
1030;14.54659283;50.34437761
1031;14.56253029;50.3636617
1032;14.54181256;50.38195548
1033;14.54181256;50.38195548
1034;14.58969341;50.38619568
1035;14.61310982;50.39398154
1036;14.61486984;50.41568321
1037;14.64075157;50.43574579
1038;19.20745567;47.515986
1042;15.13230242;50.44155999
1043;15.16795746;50.46547408
1044;15.16350003;50.48608413
1045;15.18746945;50.49339912
1046;15.22644535;50.48093705
1047;15.2643532;50.49039274
1048;15.30283073;50.49020373
1049;15.33513994;50.4789859
1050;15.37589056;50.46254389
1051;15.38098198;50.45056974
1052;15.36120512;50.43049831
1053;15.04625775;50.76150133
1055;15.03293846;50.75356514
1056;15.01291013;50.76331286
1057;14.98369743;50.77372617
1058;14.94201055;50.77207619
1059;14.94172485;50.7600382
1060;14.918525;50.75141452
1061;14.87676023;50.77012913
1062;14.82677201;50.7869924
1063;14.78787758;50.780994
1064;14.75822074;50.76944459
1065;14.73345202;50.74271742
1066;14.72881609;50.71657824
1067;14.72837846;50.69854311
1068;14.71812802;50.67755789
1069;14.7146401;50.65803811
1070;14.64998556;50.67866099
1071;14.64998556;50.67866099
1072;14.60756831;50.67136384
1073;14.5331519;50.8146711
1074;14.49820197;50.81144147
1075;14.43680299;50.79933379
1076;14.41391809;50.79584513
1077;14.67620442;49.83735095
1078;14.65253294;49.84168449
1079;14.62588347;49.83353654
1080;14.59293151;49.83415473
1081;14.57691844;49.83961911
1082;14.55325887;49.84889342
1083;14.53257915;49.8637487
1084;14.5171963;49.86647031
1085;14.49993137;49.87798449
1086;14.4615328;49.86608408
1087;14.42852098;49.87937243
1088;14.41075218;49.87657926
1089;14.39849349;49.88759874
1091;14.37607236;49.92493699
1092;14.38131585;49.9385786
1093;14.39687345;49.94719983
1094;14.39973065;49.97064725
1095;14.40441574;49.9910198
1096;14.40311684;50.00398627
1097;14.40311684;50.00398627
1098;14.40650057;50.0276716
1099;14.44596803;50.03416352
1100;14.46225958;50.04187562
1102;15.37436132;50.52687084
1103;15.40787044;50.51892154
1104;15.43679394;50.51350338
1105;15.45756408;50.51612891
1106;15.48659283;50.51601544
1107;15.44249562;50.532589
1108;15.41731818;50.55626877
1109;15.40365211;50.56877144
1110;15.35195335;50.58414482
1111;15.32403472;50.60350535
1112;15.10189477;50.60795113
1113;15.07843093;50.62933508
1114;15.09862758;50.63644405
1115;15.10069021;50.66729561
1117;15.10839338;50.69423892
1118;15.08652879;50.70738693
1119;15.03544901;50.72720891
1121;15.15199605;50.57958615
1122;15.19647463;50.56177788
1123;15.21313941;50.55032002
1124;15.23207326;50.53559429
1125;15.24762419;50.5279324
1126;15.26394069;50.53172408
1127;15.28096835;50.51796233
1128;15.29932184;50.51339477
1129;15.30283073;50.49020373
1130;16.65836782;50.09722627
1131;16.62980735;50.09221248
1132;16.60813712;50.06886775
1133;16.60265586;50.03997054
1134;16.59456377;50.02638863
1135;16.55768613;50.01149982
1136;16.47434598;50.01252228
1137;16.46135813;50.00161251
1138;16.44724833;49.99272108
1139;16.42738786;49.98703434
1140;16.39708385;49.98938409
1142;12.72102599;49.58871539
1143;12.72102599;49.58871539
1144;12.70093103;49.62543455
1145;12.7219621;49.62913935
1146;12.76838139;49.63512645
1147;12.77279558;49.66520312
1148;44.54597566;56.51603496
1149;12.77850116;49.71742087
1150;12.81293305;49.71335554
1151;12.86264797;49.71795415
1153;16.61606071;49.18319414
1154;18.11944379;49.69388893
1155;18.08969988;49.67613273
1157;17.88865948;49.93844083
1158;17.85831479;49.97505682
1159;17.80374356;50.00039247
1160;17.7770445;50.01839346
1161;17.75496705;50.04929714
1162;17.71296001;50.09389674
1163;17.68339071;50.08889196
1164;17.61169625;50.0520935
1165;17.59632423;50.0395479
1166;17.55767041;50.01425659
1167;17.47454861;49.9938411
1168;17.43721409;49.93361707
1169;17.41931926;49.87318101
1170;17.39489887;49.83841026
1171;17.43227005;49.78447611
1172;17.44492496;49.74033186
1173;17.44219066;49.7102032
1174;17.44336923;49.69104454
1175;17.43856142;49.66964361
1176;17.43856142;49.66964361
1177;17.39471386;49.61305929
1178;17.40326171;49.62560958
1179;17.39471386;49.61305929
1180;17.34517905;49.59346266
1181;17.34517905;49.59346266
1182;17.32241736;49.59883357
1184;12.34821629;50.07411025
1185;12.27182158;50.08619757
1187;15.74274044;50.04542938
1188;15.74791476;50.061492
1189;15.75765002;50.10440789
1190;15.76992836;50.13147285
1191;15.78390396;50.15625373
1192;15.78904174;50.16537543
1194;15.91010005;50.34173977
1195;15.88453971;50.39592836
1196;15.84808289;50.40330139
1197;15.79869155;50.41367003
1198;15.73305907;50.45194053
1199;15.69226153;50.49121831
1200;15.65863214;50.50009747
1201;15.60451038;50.50924236
1202;15.57073839;50.52663876
1203;15.53066377;50.52432804
1204;14.52290998;50.68238134
1205;14.44992731;50.69834959
1206;14.40008851;50.70607522
1207;14.39000219;50.71197628
1208;14.37517095;50.72084042
1209;14.33183318;50.7239959
1210;14.3050695;50.73835153
1211;14.27233731;50.74234173
1212;14.24394996;50.76097459
1213;14.22330635;50.77509827
1214;17.19351632;50.22772305
1215;17.13077539;50.22841245
1216;17.13077539;50.22841245
1217;17.08335797;50.22457554
1218;17.06364755;50.19337378
1219;17.05075926;50.18355125
1220;17.01496263;50.14713737
1221;17.00549017;50.11637538
1222;16.98928486;50.09905123
1223;16.9637549;50.08013842
1224;16.92932965;50.07180353
1225;16.9233511;50.05840005
1226;16.91245696;50.0402177
1227;16.90162391;50.02665063
1228;16.89729594;50.00950157
1229;16.88866411;49.98368964
1230;16.87502085;49.96840017
1231;16.87596454;49.95173216
1232;16.90277583;49.94079048
1233;17.0344128;49.94587391
1234;17.03849367;49.90801367
1235;17.06221163;49.87857022
1236;17.07230544;49.83575263
1237;17.0673062;49.82562327
1238;17.07632383;49.81321733
1239;17.11591968;49.77920744
1240;17.11591968;49.77920744
1241;17.1871156;49.7751456
1242;17.23523164;49.75838152
1243;17.26858083;49.74115233
1244;17.2859452;49.72052565
1245;17.28475025;49.68369574
1246;17.28118243;49.66243105
1247;17.28118603;49.63905526
1248;17.63848389;50.12527632
1249;17.61388032;50.136482
1250;17.57865576;50.16810996
1251;17.57371412;50.19988161
1252;17.5385378;50.24859738
1255;17.32014342;50.30243411
1256;15.57224514;50.45039438
1257;17.25995191;50.27885024
1258;17.2277714;50.25985032
1259;17.2157027;50.25357963
1260;15.75088163;50.02438469
1261;15.75698572;50.00007157
1262;15.76762247;49.97455886
1263;15.971966;49.79205112
1264;15.78671046;49.94827748
1265;15.82509333;49.91887168
1266;15.87991033;49.90052427
1267;15.91088377;49.90134283
1268;15.9116905;49.88222696
1269;15.93741486;49.85479739
1270;15.96187449;49.83249571
1271;15.97805567;49.82619004
1272;15.98146457;49.79346057
1273;15.971966;49.79205112
1274;15.92727039;49.78817556
1275;15.90175467;49.76675576
1276;15.61609198;49.63231004
1277;15.63249759;49.6695927
1278;15.68246518;49.71174224
1279;15.73369359;49.70599438
1280;15.75995826;49.69865089
1281;15.80446257;49.70010967
1282;15.83390882;49.73080252
1283;15.87790551;49.75308337
1285;15.35300597;50.40611542
1286;15.36054492;50.38729228
1287;15.33657317;50.37389906
1288;15.31107209;50.35503691
1289;15.31107209;50.35503691
1290;15.29559018;50.3451916
1291;15.26044914;50.33395634
1292;15.22072177;50.31767206
1293;15.18031815;50.29917269
1294;15.18598829;50.28417141
1295;15.14358461;50.26599693
1296;15.08606151;50.24169353
1297;15.05184618;50.23914523
1298;14.43416665;50.08789571
1299;14.28362932;50.23184987
1300;14.26673994;50.23330528
1301;14.24505186;50.23256202
1302;14.21791566;50.24057054
1303;14.2061003;50.23932482
1304;14.18390666;50.23063052
1305;14.15574741;50.21822824
1306;14.10214186;50.2261853
1307;14.07573857;50.22858651
1308;14.0679023;50.25973811
1309;14.07816672;50.28500633
1310;14.02955806;50.29088478
1311;13.99660805;50.29828577
1312;14.00082945;50.30964537
1313;15.46454505;49.18254294
1314;13.95890946;50.33591723
1315;13.90592813;50.32733633
1317;13.84564104;50.34440656
1318;13.82319064;50.3613346
1319;14.91625105;50.41922179
1321;14.12988548;50.16342353
1322;14.11502086;50.16157808
1323;14.08688715;50.14750412
1324;14.08364701;50.14200663
1325;13.71389148;50.10174961
1326;14.29789216;50.22439234
1327;14.27015934;50.2102774
1328;14.25158242;50.19980907
1329;14.20156326;50.18921583
1330;14.17305909;50.18414171
1331;14.1538412;50.16621866
1332;13.9283721;49.52761815
1333;13.89507864;49.52309055
1334;13.88596057;49.50407855
1335;13.86660183;49.47702932
1336;13.87581193;49.44493966
1337;13.87267668;49.43091467
1338;15.08556599;49.74297548
1339;15.1040038;49.73848753
1340;15.06252759;49.7496057
1341;15.0486291;49.75200309
1342;15.02179311;49.76031131
1343;15.03092222;49.7756591
1344;15.01866817;49.78682197
1345;14.98639602;49.78987897
1346;14.95956333;49.78969462
1347;14.92969664;49.80870164
1348;14.92969664;49.80870164
1349;14.93194345;49.82197863
1350;14.94068837;49.83978319
1351;14.94800963;49.84452311
1352;14.93213602;49.84729773
1353;14.91627834;49.86073922
1354;14.90619106;49.87519427
1355;14.90619106;49.87519427
1356;14.87524421;49.87846599
1357;14.85720827;49.88336683
1358;14.83518615;49.88612403
1359;14.81436522;49.87485516
1360;14.80630956;49.87006063
1361;14.77204789;49.8725509
1362;14.73327173;49.87939736
1363;14.71564668;49.86386178
1364;17.87573296;49.6358221
1365;17.83363502;49.66976806
1366;17.80932302;49.68510201
1367;17.78862333;49.6969061
1368;17.7582722;49.71346508
1369;17.76961251;49.7376848
1370;17.74753706;49.77418112
1371;17.70846482;49.78830694
1372;17.66773682;49.79918924
1373;17.61399743;49.79580261
1375;18.26198385;49.80156032
1376;18.30282377;49.77077478
1377;18.30303203;49.73611366
1378;18.32832998;49.69831945
1379;18.35390087;49.67776768
1380;18.36923068;49.65115504
1381;18.36197263;49.61706925
1382;18.35457207;49.588927
1383;18.33435271;49.5529817
1384;18.29502212;49.53482508
1385;18.22412959;49.54193993
1387;18.12906804;49.65610547
1388;18.14232346;49.63591364
1390;18.14768485;49.59587211
1391;18.14768485;49.59587211
1392;18.1322427;49.58287197
1393;18.13454659;49.46048278
1394;18.09406395;49.46109997
1396;18.04143069;49.46804653
1397;18.00494918;49.47617514
1398;17.98990279;49.47702976
1399;17.90566064;49.45938719
1400;17.8681121;49.4505692
1401;17.81847048;49.43985028
1402;17.79750411;49.43192455
1403;17.74264679;49.42315265
1404;15.05650465;50.55870674
1405;17.66554499;49.39304493
1406;17.63185338;49.37090483
1407;17.62293768;49.35606145
1408;17.60890224;49.34490024
1409;17.57089725;49.32701454
1410;17.51945312;49.3174424
1411;17.40295327;49.30233985
1412;17.36135871;49.32077903
1413;17.33913359;49.33177481
1414;14.64002481;49.45047687
1415;14.59861147;49.44583769
1416;14.58122883;49.44781072
1417;14.53495454;49.44774724
1418;14.49245081;49.44781499
1419;14.42049514;49.44060285
1420;14.37796376;49.44179592
1421;14.37141466;49.42146414
1422;14.34572765;49.40288898
1423;14.3256267;49.39294905
1424;14.29096854;49.38199074
1425;14.27318879;49.37177699
1426;14.22331168;49.36920745
1427;14.20353884;49.34319375
1428;14.17100742;49.34024665
1429;14.16152853;49.31383849
1430;14.1520558;49.3020683
1431;16.46159334;49.13427539
1432;16.46269897;49.10816037
1433;16.42897298;49.08515975
1435;16.3384053;49.04646431
1436;16.38306106;48.81007463
1437;16.37022466;48.84871567
1438;14.39687345;49.94719983
1439;16.36787636;48.91219247
1440;16.36253921;48.93535155
1442;16.35607966;48.98797051
1443;16.3450286;49.01431893
1444;16.86714698;48.73791492
1445;16.7620874;48.74863481
1446;16.7620874;48.74863481
1447;16.69705962;48.77472309
1448;16.62540617;48.80211113
1449;16.55434066;48.81289391
1450;16.53384275;48.82003365
1451;16.49408219;48.82573666
1452;16.46718123;48.82026187
1453;16.28766844;48.82326193
1454;16.164403;48.841514
1455;16.12047333;48.85007221
1456;16.05927627;48.85277159
1457;16.04412979;48.82126748
1458;16.0260406;48.78083322
1459;17.26295682;48.9691549
1460;17.21950987;48.97660608
1461;17.16650187;48.98790242
1462;17.12259066;49.01607419
1463;17.12259066;49.01607419
1464;17.11919664;49.0548674
1465;17.11315402;49.08806433
1466;17.11434897;49.13304333
1467;17.13396283;49.15039017
1468;17.08024616;49.14929288
1469;17.04773055;49.13680624
1470;16.99948613;49.14573978
1471;16.97317161;49.14923031
1472;16.93478466;49.14505035
1473;16.87361107;49.14495521
1474;16.83411028;49.14430464
1476;16.00329678;49.55544431
1477;16.03362218;49.56189839
1478;16.08034923;49.56856148
1479;14.93690082;49.81395629
1480;16.12391036;49.5616675
1481;16.17289669;49.54764311
1482;16.19499272;49.53740243
1483;16.24697894;49.51368978
1484;16.2453153;49.47303175
1485;16.27015176;49.45166139
1486;16.33598364;49.45442579
1487;16.35167378;49.4282785
1488;16.36721355;49.41909596
1489;16.36601009;49.40112495
1490;16.3898119;49.37320266
1491;18.20823354;49.54453082
1492;18.13307626;49.53688079
1493;18.06827445;49.52877639
1494;18.0166145;49.52097731
1495;16.82366664;48.8898791
1496;16.82366664;48.8898791
1497;16.8500315;48.91629495
1498;16.88129439;48.93408701
1499;16.90567836;48.94721244
1500;16.95848743;48.94219757
1501;17.02716625;48.91190218
1502;16.17906621;50.03182408
1503;16.162138;50.03879455
1504;16.13587419;50.06478903
1505;16.08563076;50.09706797
1506;16.06707999;50.11949871
1507;15.88727192;50.56077434
1508;15.83437497;50.54669139
1509;15.81283583;50.53417745
1510;15.75984022;50.5189588
1511;15.7378344;50.53666619
1512;15.7200621;50.53922904
1513;15.6962753;50.54750727
1514;15.66064671;50.5586696
1515;15.62281933;50.58383885
1516;15.58698556;50.59674495
1517;15.54118734;50.58073936
1518;15.49001464;50.55459592
1519;15.4650777;50.5461258
1520;15.44249562;50.532589
1521;15.51260248;50.4945547
1522;15.52314785;50.48660083
1523;15.57224514;50.45039438
1524;15.57720714;50.42616489
1525;15.56108543;50.40788624
1526;15.54457602;50.36903712
1527;15.50693906;50.33351716
1528;15.49546067;50.29498578
1529;15.49883568;50.27187739
1530;15.48584735;50.24488472
1531;15.48984426;50.21448344
1532;15.48690718;50.19003086
1533;15.79192488;50.23541158
1534;15.7644729;50.25264231
1535;15.72586476;50.26172355
1536;15.69574335;50.28296573
1537;15.69398514;50.29552451
1538;15.7216943;50.31244272
1539;15.71662172;50.32564355
1540;15.70382276;50.3273172
1541;15.67664475;50.34286127
1542;15.6349745;50.35629169
1543;15.60970081;50.34591881
1544;15.51873631;50.37532121
1545;15.49791704;50.38445968
1546;15.4698678;50.39226401
1547;15.42489126;50.38814528
1548;15.38069162;50.39926857
1549;16.33956157;50.5807435
1550;16.32801994;50.60800397
1551;16.28831729;50.6243612
1552;16.26813162;50.62480391
1553;16.24243764;50.62665282
1554;16.23469491;50.60486395
1556;16.17882064;50.5815999
1557;16.18795738;50.56161955
1558;16.18507736;50.55283453
1559;16.20421063;50.53741929
1560;16.21189223;50.5133698
1561;16.17685794;50.47304205
1562;16.17685794;50.47304205
1563;16.18187616;50.46359813
1564;16.19266981;50.44168162
1565;16.18763594;50.42345886
1566;16.1712244;50.41727484
1567;16.1712244;50.41727484
1568;16.12317985;50.39289056
1569;16.06507404;50.21462763
1570;16.06327675;50.24336006
1571;16.08573931;50.27868201
1572;16.0787887;50.29157923
1573;16.09576524;50.32827013
1574;16.09576524;50.32827013
1575;16.10563581;50.33453174
1576;16.13765953;50.35341568
1577;16.17882064;50.5815999
1578;16.14977201;50.59703903
1579;16.12426839;50.61544215
1580;15.88823453;50.58081815
1583;15.84080471;50.60709659
1584;15.81996508;50.62229406
1585;15.46454505;49.18254294
1586;15.48630924;49.20782026
1587;15.49570519;49.22481386
1588;15.48409469;49.27176986
1589;15.48199814;49.28741593
1590;15.47658941;49.29836394
1591;15.48151582;49.32090882
1592;15.48467264;49.33045568
1593;15.48890338;49.35531838
1594;15.46240468;49.17432616
1595;15.4718777;49.14611062
1596;15.46223722;49.1309833
1597;15.44744727;49.12042692
1598;15.44755456;49.10798037
1599;15.43919557;49.08591887
1600;15.43969064;49.07845022
1601;15.41894251;49.05356767
1602;15.39785383;49.04461614
1603;15.37481439;49.03432496
1604;15.37814705;49.01553312
1605;15.34913812;48.99378309
1606;16.04841546;48.86547577
1607;15.977517;48.87888544
1608;15.94903138;48.90316257
1609;15.87433384;48.92313298
1610;15.8743849;48.98459123
1611;15.85430499;49.00430256
1612;15.8314576;49.0189804
1613;15.80937778;49.05756919
1614;15.85244645;49.08627456
1615;15.86541082;49.09414911
1617;15.83244104;49.1222347
1618;15.82579439;49.14949939
1619;15.80432388;49.1951644
1620;15.75835365;49.22283222
1621;14.335855;50.7501706
1622;14.34632489;50.77235969
1623;14.36283136;50.79439025
1624;14.48236287;50.93399411
1625;14.46198006;50.94863198
1626;14.43866915;50.95183157
1627;14.39026147;50.95642969
1628;14.35744269;50.96242717
1629;14.33655695;50.98432715
1630;13.72534612;50.61943016
1631;13.68497133;50.62589473
1632;13.66124753;50.59325573
1633;13.63137521;50.59309307
1634;13.66124753;50.59325573
1635;13.68497133;50.62589473
1636;13.70377086;50.63989518
1637;13.72212612;50.66019656
1638;13.74018564;50.67034715
1639;13.76217281;50.69742626
1640;13.72362192;50.69352825
1641;13.7020977;50.70204296
1642;13.69133574;50.71788773
1643;14.18334664;49.78997396
1644;14.19939794;49.78511708
1645;14.2364216;49.79650248
1646;14.26911247;49.80951782
1647;14.27011668;49.82739793
1648;14.2698085;49.85377484
1649;14.2816854;49.85717719
1650;14.31951035;49.85820027
1651;14.34505461;49.86783286
1652;14.34877304;49.88023542
1653;14.35973294;49.89685771
1654;14.38398216;49.91088974
1656;14.86600534;48.79635687
1657;14.80902262;48.82297993
1658;14.75530414;48.84594219
1659;14.7050575;48.87722551
1660;14.67552373;48.89593664
1661;14.64241603;48.89137682
1662;14.6117644;48.90089421
1663;14.58712009;48.90274092
1664;14.5290634;48.92112176
1665;14.49877681;48.95183879
1667;14.4645072;50.7828025
1668;15.14084673;49.75535996
1669;15.15440153;49.77788811
1670;15.16376538;49.78599001
1671;15.18897222;49.81564387
1672;15.20812089;49.82817976
1673;15.21622682;49.84095125
1674;15.22455286;49.85556915
1675;15.22043872;49.86556789
1676;15.22380107;49.87713347
1677;16.074051;50.15495941
1678;15.23996504;49.89165923
1679;15.23082583;49.90727377
1680;15.25849977;49.92357747
1681;15.26752884;49.93726633
1682;15.27726478;49.94986203
1683;15.29025777;49.95759759
1685;14.61274995;50.11670658
1686;14.66487022;50.13024261
1687;14.69209091;50.13689968
1688;14.75433246;50.15799108
1689;14.76529931;50.16747705
1690;14.88171459;50.22919095
1691;15.06170785;50.74721798
1692;15.08139037;50.74317349
1693;15.09351507;50.74014188
1694;15.11560463;50.72838003
1695;15.14914368;50.72630056
1696;15.16085339;50.72088024
1697;15.17379464;50.72084381
1698;15.16085339;50.72088024
1699;15.19370891;50.72392098
1700;15.19107956;50.73152542
1701;15.22502273;50.73949464
1702;15.24389259;50.74028315
1703;15.24953298;50.73495706
1704;15.25459857;50.73196879
1706;15.28038467;50.73480542
1707;15.30520857;50.73697508
1708;15.30891118;50.75348359
1709;15.3138952;50.75924182
1710;15.32314708;50.76052597
1711;15.33530394;50.76406381
1712;15.34689205;50.7623121
1713;15.365655;50.77013256
1714;15.39296911;50.77161019
1716;17.52071155;48.86081667
1717;17.5106234;48.87890579
1718;17.48439518;48.91225899
1719;17.45781673;48.90982723
1720;17.43964316;48.94065886
1721;17.36130471;48.93723291
1722;17.34765912;48.93083712
1723;17.31854378;48.89749787
1724;17.2738391;48.878932
1725;17.24323853;48.87179981
1726;17.21229805;48.89249658
1728;17.40283391;49.91793029
1729;17.36999039;49.91230455
1730;17.36999039;49.91230455
1731;17.35216837;49.93094398
1732;17.31794299;49.93410593
1733;17.28449538;49.92973428
1735;17.01389971;49.97687821
1736;17.0196967;49.98520755
1737;17.03025527;50.00033095
1738;17.03128079;50.00943036
1739;17.03290333;50.01478792
1740;17.03703593;50.02483395
1741;17.04258272;50.03181255
1742;17.04258272;50.03181255
1744;17.10424089;50.09884999
1746;17.10424089;50.09884999
1747;16.40213711;49.09452086
1748;16.38264771;49.0990256
1749;16.37261498;49.09820291
1750;16.73609132;48.93743473
1751;16.65144623;49.49130235
1752;16.61718638;49.03269411
1753;15.96143841;50.00895198
1754;15.96951632;50.02887471
1755;15.99252827;50.069352
1756;16.17360457;50.12848499
1757;16.21859675;50.13935747
1758;16.24185552;50.14692017
1759;16.27364342;50.15793197
1760;14.98450839;50.78741877
1761;14.97160704;50.7877221
1762;14.95802214;50.79706155
1763;14.95221147;50.81318539
1764;14.9178323;50.82124338
1765;14.87087208;50.83773587
1766;14.84699129;50.85581029
1768;15.97805567;49.82619004
1769;16.01852756;49.8242512
1770;16.03503352;49.78632405
1771;16.03685368;49.77839609
1772;16.05943137;49.75307513
1773;16.08172048;49.75452058
1774;16.08172048;49.75452058
1775;16.16165878;49.74311748
1776;16.16165878;49.74311748
1777;16.1944198;49.7283
1778;16.21504354;49.71779542
1779;16.26407368;49.71888435
1780;12.33532985;50.14805387
1781;12.31307634;50.16254183
1784;12.34483886;50.21102624
1786;14.46165437;51.00638106
1787;14.37991875;50.99323874
1788;14.37991875;50.99323874
1789;14.35807522;50.99463872
1790;14.32107775;50.99225696
1791;14.30087658;50.9969255
1792;14.28315675;50.98347301
1794;16.15238626;50.28923779
1796;13.36344029;50.45435737
1797;13.35160862;50.47942399
1798;13.32475389;50.49028303
1799;13.35160862;50.47942399
1800;13.26480451;50.49558893
1801;13.26480451;50.49558893
1802;13.21115476;50.48099765
1803;13.1687053;50.4501708
1804;13.10750409;50.42721647
1805;13.10750409;50.42721647
1806;13.06963118;50.44010684
1807;13.03501154;50.43007267
1808;15.89633195;49.567422
1809;13.03362289;50.50039206
1810;13.03352182;50.48317381
1811;13.03362289;50.50039206
1812;15.38241045;50.17042319
1813;15.36670991;50.17506662
1814;15.34130161;50.18592886
1815;15.30023785;50.210624
1816;15.62467744;50.60064625
1817;15.62277242;50.61883341
1818;15.51377477;50.60436723
1819;14.9555758;50.40691401
1821;14.50617604;50.6372847
1822;14.43775351;50.62980541
1823;14.40475768;50.62897244
1824;14.39535462;50.61359424
1825;14.35946035;50.60997152
1826;14.33496569;50.58543471
1827;14.28495912;50.57206582
1828;14.26707121;50.55775598
1829;14.20586046;50.54982543
1830;14.17611839;50.5432479
1831;14.35520946;50.35719101
1832;14.11817186;50.53703353
1833;14.09661933;50.52491513
1834;14.08118839;50.51058469
1835;14.0359553;50.49935025
1836;14.03940967;50.48364913
1837;14.03761511;50.46581987
1838;14.07043175;50.44209177
1839;14.06100162;50.42984591
1840;14.03730425;50.40754589
1841;14.03730425;50.40754589
1842;14.0126404;50.39870884
1843;13.98133293;50.39781653
1844;13.95411952;50.40044223
1845;13.93642295;50.37683331
1846;13.9006262;50.36031523
1847;13.86419289;50.35949743
1848;13.80624645;50.3536934
1849;13.79626331;50.35023038
1850;13.7219962;50.35165036
1851;13.69171952;50.36048387
1852;15.02562422;50.78859145
1853;15.03809626;50.80131828
1854;15.06523528;50.83244828
1855;15.09159836;50.85523616
1856;15.13047608;50.89653141
1857;15.07340261;50.91894775
1858;15.02913288;50.95088013
1859;15.028449;50.97330414
1860;15.02505099;50.98988714
1861;15.03762076;51.00764576
1862;15.07649136;50.92687726
1863;15.10911868;50.9307793
1864;15.12848191;50.93764974
1865;15.15109216;50.93886635
1866;15.1628745;50.93987297
1867;15.19732797;50.92880029
1868;15.22418228;50.9247627
1870;15.22823176;50.95909401
1871;15.19764237;50.95194852
1872;14.2147296;50.76656042
1873;14.20399215;50.75686867
1874;14.18790055;50.73377143
1875;14.18790055;50.73377143
1876;14.20313317;50.69619702
1877;14.16834869;50.67161148
1878;14.14626208;50.66428899
1879;14.12213869;50.6724471
1880;14.10335569;50.66317249
1881;13.78654863;50.57195762
1882;13.797615;50.57905139
1883;13.81024125;50.58514196
1884;13.84206843;50.58913567
1885;13.85924304;50.60567685
1886;13.87888236;50.60955483
1887;13.89492785;50.6064491
1888;13.91266123;50.60170539
1889;13.93670099;50.60860042
1890;13.95476954;50.61264549
1891;13.96953478;50.6168888
1892;13.98748484;50.63370547
1893;13.98700529;50.6474629
1894;13.59721002;50.34068364
1895;13.62806587;50.34011285
1896;13.64854784;50.34614485
1897;13.68893458;50.39226035
1898;13.68604833;50.41533842
1899;13.68564563;50.42876977
1900;13.70042318;50.50445371
1901;13.66320415;50.14251839
1902;13.64093296;50.16844576
1903;13.63234139;50.19833885
1905;13.66528776;50.21606104
1906;13.70444701;50.2171483
1907;13.72255062;50.23293376
1908;13.7480714;50.25142093
1909;13.7266095;50.26824118
1910;13.72521993;50.28551354
1911;13.72836974;50.30174084
1912;13.73373355;50.31236751
1913;13.75101676;50.3265102
1915;13.79902678;50.37084409
1916;13.77340703;50.37752715
1917;13.72310892;50.4080362
1918;13.71175976;50.45660714
1920;13.62207018;50.54333455
1921;13.62359454;50.56485379
1922;13.61413375;50.59142397
1923;13.6102567;50.59296785
1924;14.45641739;50.26723834
1925;14.42229667;50.26008114
1926;14.37631382;50.25644025
1927;14.33768036;50.24000714
1928;12.86353287;50.23033353
1929;12.7528355;50.18980549
1930;16.34731535;49.356423
1931;12.69456278;49.95688875
1932;12.74266331;49.94674217
1933;12.7616187;49.96033098
1934;12.78492413;49.95662813
1935;12.83249887;49.96386707
1936;12.85994614;49.97556148
1937;12.84499096;49.99296821
1938;12.82210056;50.01821186
1939;12.82721583;50.03838967
1940;12.83108202;50.08307111
1941;12.84588546;50.10269336
1942;12.84808572;50.11588127
1943;12.84808572;50.11588127
1944;12.84863334;50.15145759
1945;12.83889912;50.16019793
1946;14.11817186;50.53703353
1947;12.83760695;50.20197146
1948;12.83186205;50.21160042
1949;16.75617091;50.08061553
1950;16.39708385;49.98938409
1951;16.74655308;50.04696404
1953;16.75314262;50.02570546
1954;16.75617091;50.08061553
1955;16.72122348;50.08936197
1956;16.74745645;50.01721745
1957;16.74797486;50.00385355
1958;12.73913107;49.73542543
1959;12.70125697;49.73954815
1960;12.67980904;49.77072747
1961;12.65807917;49.78694461
1962;12.6388443;49.8021975
1963;12.6388443;49.8021975
1965;12.68544257;49.81746975
1966;12.74971303;49.57796742
1967;12.76977228;49.57397492
1968;14.20941169;50.10494918
1969;12.77325429;49.54469766
1970;12.81144741;49.51337456
1971;12.81506336;49.48673245
1972;12.81256236;49.47759932
1973;12.81485505;49.45883487
1974;12.82247964;49.43895302
1975;12.83938106;49.42037692
1976;12.85886724;49.41458452
1977;12.8752607;49.41658008
1978;13.50422632;49.7677655
1979;13.50422632;49.7677655
1980;13.49762347;49.78539823
1981;13.49129392;49.79147191
1982;13.49762347;49.78539823
1983;14.40664117;50.06293552
1984;14.40236551;50.04566286
1986;14.37136912;50.05580513
1987;14.36206643;50.06457694
1988;14.34605002;50.06221142
1989;14.29774383;50.06417504
1990;13.88610941;49.40144876
1991;13.94492975;49.37811365
1992;13.94492975;49.37811365
1993;13.9503003;49.34833871
1994;13.95661338;49.33693586
1995;13.94854936;49.32026808
1996;13.9503003;49.34833871
1997;13.91561094;49.30062916
1998;13.91399068;49.27808765
1999;13.88207323;49.60208375
2000;13.90489852;49.59756493
2001;13.92637286;49.59678185
2002;13.94085517;49.58494122
2003;13.88331316;48.90709628
2004;13.86148647;48.87752882
2005;13.86115201;48.86065971
2006;13.90995144;48.84900114
2007;13.93888282;48.8066386
2008;13.95302746;48.78992179
2009;13.98655668;48.78352838
2010;14.02633438;48.76496861
2011;14.02633438;48.76496861
2012;14.08676712;48.74283624
2013;14.10095394;48.76389983
2014;14.1042638;48.77887176
2015;14.12029898;48.79942712
2016;14.14794013;48.79859848
2017;14.1829078;48.771527
2018;14.24040077;48.78873033
2019;14.26554363;48.81301883
2020;13.8207871;48.85914378
2022;13.79433276;48.82978209
2023;14.66455756;50.44325799
2024;14.68684404;50.44310965
2025;14.71866061;50.44461007
2026;14.74464092;50.43806254
2027;14.75533956;50.43219036
2028;14.77704183;50.4430249
2029;14.81031399;50.44621651
2030;14.83330864;50.44359238
2031;14.9779175;50.40662541
2032;15.00483075;50.41342699
2033;15.03939798;50.42108404
2034;15.08529834;50.43615215
2035;15.10750661;50.43712302
2036;15.32024336;50.49286137
2037;15.33654895;50.50076006
2038;15.37620167;50.49997497
2039;15.38679795;50.51429715
2041;15.12886047;49.73874227
2042;15.15940814;49.72985461
2043;15.17197308;49.72878428
2044;15.18463938;49.72238949
2045;15.19468249;49.7123118
2046;15.23562725;49.70789859
2047;15.27038477;49.69796646
2049;14.24334614;50.28220387
2050;14.23998888;50.26738542
2051;14.24505186;50.23256202
2052;14.26680218;50.0750941
2053;14.21168715;50.09428332
2054;14.20941169;50.10494918
2055;14.21397157;50.10744548
2056;14.21397157;50.10744548
2057;14.25463097;50.12456921
2058;14.26837072;50.13638294
2059;14.27799226;50.1600091
2060;14.24723854;50.18200187
2061;14.25158242;50.19980907
2062;14.21804115;50.19671191
2063;14.1906589;50.20774324
2064;14.35520946;50.35719101
2065;14.33034919;50.3803763
2066;14.3066129;50.37847449
2067;14.27607222;50.35989828
2068;14.24220507;50.36180144
2069;14.21854919;50.36356774
2070;14.21854919;50.36356774
2071;17.81847048;49.43985028
2075;14.07816672;50.28500633
2076;16.60330713;49.90863354
2078;18.62622265;49.71692039
2080;18.56930738;49.67885234
2081;18.53891915;49.67872399
2082;18.50362081;49.681159
2083;18.47283174;49.6697145
2084;18.41452413;49.67088907
2086;17.03025527;50.00033095
2087;17.06670244;50.01768995
2088;18.35457207;49.588927
2089;18.36062362;49.57013065
2090;18.38045254;49.55038907
2091;18.39364691;49.53773682
2092;18.30183113;49.36224043
2093;18.28619432;49.35878886
2094;18.24574536;49.35040491
2095;18.23200602;49.35039789
2096;18.20419688;49.34078159
2097;18.20419688;49.34078159
2098;18.15385265;49.32232847
2099;18.15385265;49.32232847
2100;18.0922694;49.30312814
2101;18.0922694;49.30312814
2102;18.05983101;49.30488491
2103;18.02006358;49.30814882
2104;18.0033573;49.309747
2105;18.00875702;49.59890998
2106;17.99343026;49.61138118
2107;18.1937684;49.90103616
2108;18.15385876;49.91048552
2109;18.11921833;49.92314032
2110;18.082494;49.924306
2111;18.03922296;49.93094467
2112;18.00995859;49.93519367
2113;17.96906831;49.9382439
2114;17.94577731;49.93219526
2115;17.93453703;49.92917187
2116;18.11315031;49.98876854
2117;18.07307575;49.96321599
2118;18.03457059;49.95058498
2119;17.38800236;50.11790309
2120;17.38800236;50.11790309
2121;15.19647463;50.56177788
2122;17.43922448;50.10499007
2123;17.44806532;50.07512281
2124;17.47337965;50.06661776
2125;17.48441862;50.05209893
2126;17.51593324;50.03727699
2127;17.52685479;50.02472827
2128;17.14333629;50.24458251
2129;17.09456562;50.28422144
2130;17.10276003;50.30785428
2131;17.10767554;50.32265078
2132;17.12519831;50.33827747
2133;17.12691473;50.36234995
2134;17.10749238;50.3877752
2135;17.08148675;50.39661396
2137;16.92932965;50.07180353
2138;16.93759888;50.11640775
2139;16.94946777;50.14332135
2141;17.07126895;49.69409829
2142;17.04885405;49.6768975
2143;17.06103489;49.65803654
2144;17.07212457;49.6435304
2145;17.10004383;49.62151735
2146;17.10004383;49.62151735
2147;17.14515453;49.63813064
2148;17.1746824;49.63880655
2149;17.20151403;49.63766593
2150;17.2240258;49.61652014
2151;17.23661126;49.60230894
2152;17.27837786;49.59258094
2153;17.24425668;49.58734664
2154;17.25474693;49.58558459
2155;17.07646632;49.72117079
2156;17.07097708;49.70199643
2157;17.07097708;49.70199643
2158;17.28324162;49.25356437
2159;17.28975351;49.2462636
2160;17.31516221;49.22882957
2161;17.36380337;49.24994251
2162;17.37976149;49.26309126
2163;17.40333513;49.28377146
2164;17.40754814;49.29200172
2165;17.07036742;49.59797988
2166;17.07855099;49.58425355
2167;17.1116717;49.47896093
2168;17.06501407;49.50906879
2169;17.09704357;49.5136272
2170;17.10468559;49.53123878
2171;17.11825975;49.55084636
2172;17.10896862;49.56715448
2173;17.84319509;49.22004929
2174;17.80857128;49.21582322
2175;17.76993456;49.2160174
2176;17.74420765;49.2196058
2177;17.71553678;49.22093884
2178;17.69109403;49.22589448
2179;17.67276699;49.22920283
2180;17.0395198;48.90468334
2181;16.68942769;49.53472813
2182;16.69945253;49.55409171
2183;16.70507191;49.58787892
2184;16.69084934;49.61133418
2185;15.40127183;49.66916586
2186;15.38051518;49.6614448
2187;15.37368087;49.65705789
2188;15.34909126;49.66061555
2189;15.31943403;49.67042432
2190;15.30920305;49.68480204
2191;15.28349365;49.69593113
2192;16.19215684;49.98427377
2193;16.16330647;49.97500741
2194;16.14705013;49.95540676
2195;16.1557188;49.95052128
2196;16.17429707;49.92516274
2197;16.19661317;49.9111784
2198;16.21858422;49.9010304
2199;16.21858422;49.9010304
2200;16.24619359;49.89198342
2201;16.26041229;49.88982267
2202;16.27978618;49.88583642
2203;16.30409185;49.87478573
2204;16.30409185;49.87478573
2205;16.74202034;49.70329831
2206;16.39591586;49.73654568
2207;16.39591586;49.73654568
2208;16.36692815;49.72919942
2209;16.36692815;49.72919942
2210;16.3257006;49.72078766
2211;16.3257006;49.72078766
2212;17.3391351;50.02313857
2213;17.39446651;50.04310357
2214;17.4012513;50.03590968
2215;17.3172966;50.01006069
2216;15.50127387;50.62324888
2217;15.48457899;50.62718476
2218;15.46184723;50.6323564
2219;15.45709213;50.64856101
2220;15.45709213;50.64856101
2221;15.4513313;50.68061314
2222;15.43505618;50.70035345
2223;15.42294959;50.7121485
2226;16.53016092;50.85603565
2227;15.96075182;50.57789036
2228;15.98639683;50.58663162
2229;16.00345378;50.60181427
2230;16.03801207;50.59934944
2231;16.0600449;50.57535618
2232;16.08477734;50.58700656
2233;16.071996;50.60472189
2234;16.08352142;50.62327659
2235;15.57638148;49.87202948
2236;15.56238983;49.8773131
2237;15.55537448;49.88356918
2238;15.52812622;49.89492316
2239;15.52812622;49.89492316
2240;15.47735034;49.89032147
2241;15.47735034;49.89032147
2242;15.46025763;49.9057051
2243;15.43035012;49.91473144
2245;15.56423345;49.58603924
2246;15.55281935;49.57622975
2247;15.53837413;49.5563474
2248;15.50960694;49.54723549
2249;15.47322134;49.52541924
2250;15.45618179;49.5207456
2251;15.43551036;49.52427927
2252;15.39886628;49.52905992
2253;15.34822009;49.53492793
2254;14.00310611;50.58052926
2255;13.96505432;50.58710251
2256;13.93691897;50.58562961
2257;13.91625848;50.58720732
2258;13.90070161;50.58912608
2259;13.87585742;50.59367562
2260;13.86284299;50.62552999
2261;13.84183261;50.63109321
2262;13.81372352;50.63374586
2263;14.05947047;50.50978621
2264;14.01295387;50.54245055
2265;13.98917341;50.54718388
2267;14.01295387;50.54245055
2269;15.18491828;50.87956422
2270;15.16486864;50.88635856
2271;15.151935;50.89176812
2272;13.27571661;50.3963037
2273;13.27699309;50.3818647
2274;13.64665661;50.09555809
2275;16.38306106;48.81007463
2276;13.59795926;50.10441884
2277;13.56653034;50.10733055
2278;13.54445686;50.1072052
2279;13.51869534;50.10731287
2280;16.02918001;50.37557426
2281;13.43396303;50.09016356
2282;13.3814846;50.11359937
2283;13.35412878;50.11912595
2284;13.32787478;50.12633496
2285;13.32787478;50.12633496
2286;13.26999176;50.13048783
2287;13.24776475;50.11106252
2288;13.20695316;50.08958605
2289;13.19328799;50.07837181
2290;13.15956237;50.08460232
2291;13.13247861;50.06764116
2292;13.11972255;50.04984463
2293;13.05052173;50.04957149
2294;13.02941208;50.03482302
2295;12.99130521;50.05059787
2296;12.93289287;50.03550729
2297;12.88715366;50.03913403
2298;13.72290095;50.16971779
2299;13.70444701;50.2171483
2300;13.66744284;50.20260172
2301;13.6063369;50.22561318
2303;13.55684044;50.24188922
2304;13.53205086;50.26670485
2305;13.55869294;50.28496287
2306;13.57253018;50.29683577
2308;14.17611839;50.5432479
2310;13.44763185;50.48556527
2311;12.62468321;50.19013125
2312;12.60725397;50.19741027
2313;12.58736862;50.2178205
2314;12.58065979;50.22179562
2315;12.55826321;50.25462697
2316;12.53554757;50.28701416
2318;12.50286427;50.33060969
2319;12.83587691;50.2457802
2320;12.78006764;50.2734948
2321;12.78006764;50.2734948
2322;12.7502228;50.31091291
2323;12.72744862;50.31909405
2324;12.72744862;50.31909405
2325;12.71235282;50.34163471
2326;12.71946115;50.35701103
2327;12.73005651;50.34137127
2328;12.75132095;50.34936721
2329;12.76934194;50.34800363
2330;12.77335035;50.36550242
2331;12.76657087;50.38811017
2332;12.73453041;50.41902765
2333;12.73866415;50.43030831
2335;12.31307634;50.16254183
2336;12.27939096;50.16190199
2337;12.20095985;50.20916981
2338;12.18338039;50.2191569
2339;12.17416189;50.22928168
2340;12.15552558;50.24302544
2341;15.23562725;49.70789859
2342;16.55655403;49.85453191
2343;12.18207503;50.30212445
2344;13.02445994;49.53534101
2345;12.99970488;49.53048493
2346;12.98285301;49.53466968
2347;12.93754808;49.52435146
2348;12.89773884;49.518347
2349;12.87467579;49.5099768
2350;12.84923737;49.51317677
2351;12.83279167;49.51622159
2352;13.54189676;49.24667808
2353;13.49058691;49.2621698
2354;13.46682352;49.27542411
2355;13.43569053;49.29508505
2356;13.36709004;49.29925436
2357;13.34408037;49.28471362
2359;13.30325492;49.30475562
2360;13.2994253;49.32616309
2361;13.29979143;49.34933416
2362;13.30599903;49.36479621
2363;13.29398662;49.38649416
2364;13.61761686;49.26778085
2365;13.66355772;49.29848709
2366;13.73884858;49.3313716
2367;13.17801124;49.33554984
2368;13.15801792;49.32780591
2369;13.13558268;49.34633005
2370;13.11540081;49.36577721
2371;13.08805555;49.37190215
2372;13.06744365;49.36502474
2373;13.03225331;49.38366217
2374;15.80432388;49.1951644
2375;13.01206003;49.39713958
2376;12.98625889;49.41618867
2377;13.27701787;50.37632545
2378;13.28548466;50.36341894
2379;13.30807426;50.35909219
2380;13.69598326;50.07860712
2381;13.67808502;50.07146641
2382;13.62948888;50.05656569
2383;13.6024772;50.04150166
2384;13.56844731;50.03295223
2385;13.52741227;50.01436331
2386;13.51909854;49.99368148
2387;13.48979059;49.98881087
2388;13.52771757;49.80628386
2389;13.54346483;49.80636414
2390;13.56407065;49.8160389
2391;13.57548899;49.81689357
2392;13.57685846;49.82630546
2393;13.59587801;49.82712887
2394;13.5877706;49.84206601
2395;13.59646499;49.85815718
2396;13.07368022;49.79749096
2397;13.04687418;49.81551112
2398;13.01617672;49.82210119
2399;12.98129259;49.83131966
2400;12.97904995;49.85168896
2401;12.96790627;49.87298006
2402;12.9642808;49.88242499
2403;12.97546053;49.8848402
2404;12.96956939;49.90313948
2405;14.18008926;49.14514246
2406;14.14067182;49.14741055
2407;14.10386372;49.13801104
2408;14.08394593;49.12638728
2409;14.07606566;49.0963708
2410;14.06120165;49.08116882
2411;14.02626966;49.04985859
2412;14.00861293;49.01505121
2413;13.99760553;49.00582178
2414;14.03863137;48.97802846
2415;14.05511579;48.9563317
2416;14.05411396;48.94038288
2417;14.01804553;48.94708744
2418;13.97698603;48.93713734
2419;13.96944698;48.92606821
2420;13.90181262;49.23221624
2421;13.8940202;49.21836437
2422;13.88729274;49.21004586
2423;13.88729274;49.21004586
2424;13.89307334;49.18733867
2425;13.89307334;49.18733867
2426;13.90598639;49.15028296
2427;13.88321927;49.1237923
2428;13.86660478;49.10901
2429;13.8291083;49.11114973
2430;13.80101512;49.09270795
2431;13.80101512;49.09270795
2432;13.79075433;49.05552749
2433;13.79075433;49.05552749
2434;13.73547615;49.02020916
2435;13.77474772;48.98300125
2436;13.77465137;48.96256084
2437;13.80300714;48.95092157
2438;13.82248268;48.9515724
2439;13.79695422;48.92836836
2440;13.82248268;48.9515724
2441;13.82876151;48.90800346
2442;15.00751002;50.07352835
2443;14.99646175;50.0715121
2444;14.99733969;50.06492495
2445;15.00037717;50.05467277
2446;15.01619699;50.04944884
2447;15.01619699;50.04944884
2448;15.02412295;50.03962063
2449;15.00841442;50.03493696
2450;15.01531174;50.01528074
2451;14.987795;50.00565563
2452;15.01531174;50.01528074
2455;15.07105858;49.95606278
2458;14.28209203;50.42865823
2459;14.26460544;50.42649395
2460;14.2529521;50.41695131
2461;14.2468646;50.39429504
2462;14.26424091;50.3674974
2463;14.14857598;50.35934873
2464;14.13297394;50.36158973
2465;14.14100508;50.38011237
2466;14.14052147;50.38995717
2467;14.13434381;50.40508231
2468;14.11735775;50.41221169
2469;14.08653823;50.41573296
2470;13.35004373;50.33637436
2471;13.34517075;50.31932615
2472;13.33194375;50.30808099
2473;13.31097014;50.30395614
2474;13.27735782;50.2980423
2475;13.23953738;50.2902084
2476;13.22574531;50.28365536
2477;13.33830451;50.2825594
2478;13.35130498;50.26775867
2479;13.36833229;50.25573498
2480;13.39175072;50.2604356
2482;17.90903795;49.92507201
2483;17.87028534;49.91897512
2484;17.84829587;49.91679098
2485;17.82325644;49.90083609
2486;17.7728646;49.89473469
2487;17.73423108;49.88740798
2488;17.71211157;49.89482322
2489;17.69145389;49.91735605
2490;17.6539554;49.9438493
2491;15.76450044;49.03679333
2492;15.72529727;49.03426119
2493;15.68722063;49.02384992
2494;15.65783435;49.02088794
2495;15.60676509;49.02199958
2496;15.60676509;49.02199958
2497;14.70371429;49.40442209
2498;14.74024166;49.41864329
2499;14.769984;49.42008701
2500;14.81059931;49.41564699
2501;14.86644261;49.42163286
2502;14.95362994;49.4289812
2503;14.97491277;49.43798631
2504;15.0171665;49.45990297
2505;15.07958046;49.42951721
2506;15.11780923;49.42563114
2507;15.15831947;49.4157315
2508;15.22247464;49.41966101
2509;15.2316717;49.39454153
2510;15.25939226;49.3795869
2511;15.27437055;49.35681103
2512;15.2866295;49.34123237
2513;15.30924544;49.32069759
2514;17.2908;49.36994384
2515;17.2873831;49.4005308
2516;17.2821431;49.4179542
2517;17.2821003;49.4261136
2518;14.24360739;48.63390395
2519;14.25678229;48.62070939
2520;14.25678229;48.62070939
2521;14.28624008;48.64427525
2522;14.30903058;48.62362384
2523;14.32167535;48.61956252
2524;14.34934494;48.61916619
2525;14.36316216;48.62639187
2529;14.89746149;49.70040075
2530;14.89746149;49.70040075
2531;14.86920145;49.69973727
2532;14.83673707;49.71498314
2533;14.81508005;49.72101289
2534;14.80532108;49.73084946
2535;14.78223784;49.73805792
2536;14.76172167;49.75252561
2537;14.74894788;49.76207052
2538;14.72343698;49.76474315
2540;14.75433246;50.15799108
2541;14.7115496;50.16859176
2542;14.65534192;50.18343486
2543;14.66476492;50.18359726
2544;14.65534192;50.18343486
2545;14.60996656;50.20479013
2546;14.58068489;50.22109367
2547;14.54667763;50.23883025
2548;14.53066307;50.25084705
2549;14.51977872;50.25699908
2551;16.27364342;50.15793197
2552;16.25632128;50.19991714
2553;16.25412814;50.20374293
2554;16.90013765;50.08748406
2555;12.88073192;50.27568186
2556;16.78377688;50.10473649
2557;16.75402608;50.09905553
2558;17.72242422;50.26823272
2559;17.71503634;50.24020478
2560;17.69905599;50.22796201
2561;17.68350062;50.21215223
2562;17.66355165;50.21610182
2563;17.6548456;50.2257914
2564;17.64465752;50.2324844
2565;17.60868916;50.22354337
2568;12.49694902;50.34037706
2571;14.63868274;50.90314764
2572;14.62063243;50.88636755
2573;14.58083886;50.88304083
2574;14.5569914;50.88298154
2575;14.61255705;50.90944992
2576;14.60430403;50.91854254
2586;14.95362994;49.4289812
2605;13.62806587;50.34011285
2607;15.04432274;48.94188716
2608;15.223038;50.01530306
2609;15.21854149;50.00222527
2610;15.20695835;49.98794968
2611;15.16036953;49.98159251
2612;15.13858351;49.97316793
2613;15.12123385;49.97044235
2614;15.10574257;49.96729158
2615;15.0626885;49.93667444
2616;15.05801787;49.91380829
2617;15.05634208;49.89570919
2618;15.05979801;49.88231685
2619;15.04844546;49.86578532
2620;15.00478612;49.86037304
2621;14.97889009;49.84958072
2622;14.94800963;49.84452311
2623;18.13069851;49.56463579
2624;18.02570738;49.08511867
2625;18.03650213;49.0941975
2626;18.04443273;49.10101355
2627;18.0228448;49.14232071
2628;18.04302549;49.15457337
2629;18.0633449;49.16579677
2630;18.06496092;49.71640061
2631;18.03071263;49.74862133
2632;18.01413527;49.75333112
2633;17.9509342;49.67982572
2634;17.93199706;49.69421834
2635;17.9128238;49.71348345
2636;17.87797809;49.88917814
2637;17.87591566;49.87746718
2638;17.34340301;50.27237926
2639;17.34340301;50.27237926
2640;17.38328046;50.25936173
2641;17.00294964;49.70391713
2642;17.0144206;49.70292652
2643;17.03904669;49.69456145
2644;17.29423895;48.97048668
2645;16.85194985;48.75084022
2646;16.84228967;48.75988094
2647;16.80324529;48.78105671
2648;16.80164518;48.79413903
2649;17.03104572;49.5185185
2650;16.98770798;49.52829947
2651;16.95807416;49.52868985
2652;16.92871899;49.54248568
2653;16.91365969;49.56351189
2654;16.90625995;49.57251083
2655;16.8837229;49.59158695
2656;16.86111481;49.60634549
2657;16.84829808;49.61017426
2658;16.81739246;49.62666471
2659;16.78022462;49.65759254
2660;16.74509392;49.67701299
2661;16.74202034;49.70329831
2662;16.72460562;49.71499636
2663;16.73075516;49.72837486
2664;16.7128304;49.75192971
2665;16.66647307;49.76670571
2666;16.63785252;49.79631888
2667;16.58826236;49.82513642
2668;16.56970874;49.84514557
2669;16.55655403;49.85453191
2672;16.04405764;49.37020876
2673;16.02192574;49.34567764
2674;16.02192574;49.34567764
2675;15.98892993;49.33826201
2676;15.96684605;49.31895786
2677;15.95056962;49.30547758
2678;15.95099529;49.29786043
2679;16.00896509;49.27252699
2680;16.02515122;49.24387278
2681;16.04122764;49.23922766
2682;15.658538;49.95137846
2683;15.6563226;49.98087587
2684;15.64309645;49.98940806
2685;15.62331796;50.01685819
2686;15.61406639;50.03197624
2691;15.79385174;49.95771958
2692;15.84981782;49.97448594
2693;15.86227396;49.9774125
2694;15.87312899;49.97301766
2695;15.90826405;49.96633676
2696;15.92221676;49.98036571
2697;16.46520566;50.16158771
2698;16.41935561;50.16086556
2699;16.3777317;50.13683041
2700;16.34311655;50.12753653
2701;16.30555309;50.12206833
2702;16.28291569;50.11801422
2703;15.94626877;50.59633023
2704;15.93574831;50.63822879
2705;15.95867923;50.64705007
2706;15.97061248;50.67318456
2709;13.98612178;50.48151237
2710;13.98612178;50.48151237
2711;13.9680278;50.46672953
2712;13.95475025;50.4699101
2713;13.90820709;50.4577199
2715;13.86578205;50.44809206
2716;13.8313528;50.44865674
2718;13.76715109;50.45210734
2722;13.66320415;50.14251839
2724;21.53788153;41.34393735
2726;14.23048601;50.08389359
2727;14.22462815;50.07174319
2728;14.211926;50.05899935
2729;14.22117573;50.05153478
2730;14.49202481;50.94770207
2731;14.51867165;50.95637204
2732;14.57935198;49.65850942
2733;14.5565821;49.66148752
2734;14.53923932;49.66704838
2735;14.51683114;49.66674478
2736;14.4801594;49.65928231
2737;14.43408702;49.65584802
2738;15.26389243;50.75691966
2739;15.26753328;50.76092039
2740;15.24941037;50.77159194
2741;15.24019891;50.77953578
2743;12.89100054;50.26792814
2744;12.88073192;50.27568186
2745;12.87740305;50.29308887
2746;12.8687428;50.30678404
2747;12.86144463;50.3129613
2748;12.86513058;50.32684789
2749;12.7605413;50.18556974
2750;12.77522724;50.25634946
2751;12.76379115;50.23954861
2753;12.814711;50.13670012
2754;12.40095136;50.25340285
2755;12.41275177;50.23911756
2756;12.42105586;50.22036136
2757;12.3724778;50.1967108
2758;12.36878609;50.16618388
2759;12.37989132;50.15589664
2760;12.39925442;50.14698515
2761;12.403948;50.13150646
2762;13.19195037;49.71712553
2763;13.1591074;49.72304866
2764;13.14189783;49.72418426
2765;13.12475223;49.72349409
2766;13.0870749;49.71033834
2767;14.17837678;49.90954153
2768;14.15531424;49.90339638
2769;14.14795015;49.88861869
2770;14.12858944;49.87472674
2771;14.10736218;49.86746424
2772;14.1002141;49.8547835
2773;14.08436081;49.83736406
2774;14.04714227;49.83141169
2775;14.01775899;49.83815156
2776;14.0117867;49.85006914
2777;13.66618349;49.70021489
2778;13.66299014;49.68994004
2779;13.65140568;49.6630349
2780;13.65140568;49.6630349
2781;13.62310071;49.65497503
2782;13.60986126;49.64483953
2783;13.58863239;49.65543427
2784;13.56971637;49.66415578
2785;13.53731687;49.65758937
2786;13.60349273;49.73222142
2787;13.6173373;49.72238465
2788;13.63768508;49.71716238
2789;13.65341935;49.71356134
2790;13.81005387;49.4387771
2791;13.7901662;49.44370145
2792;13.77338113;49.44973487
2793;13.74403928;49.4570083
2794;13.74403928;49.4570083
2795;13.69136192;49.46341702
2796;13.66601738;49.46295662
2797;13.63042797;49.46908379
2798;13.61439988;49.48182088
2800;14.64270969;49.39539994
2801;14.62908422;49.38494168
2802;14.62006541;49.38164989
2803;14.58562391;49.35974197
2804;14.57990273;49.34912144
2805;14.57273174;49.33358217
2806;14.56636332;49.32462088
2807;14.55395578;49.30999791
2808;14.5412682;49.29491909
2809;14.51083876;49.29242315
2810;14.47765202;49.2999796
2811;14.47765202;49.2999796
2812;12.84513862;50.22237399
2826;17.39450822;50.33021138
2827;15.42954979;50.81463312
2830;16.00332694;50.70608184
2831;14.80521586;50.90448557
2833;14.704167;50.90623678
2834;14.6655986;50.8926306
2843;12.46231299;50.35715739
2845;14.828974;50.892326
2850;16.77455479;49.87297129
2851;16.69361621;49.84951224
2852;16.28526331;49.99968172
2853;18.62253974;49.74324754
2866;13.75497068;50.63598549
2882;14.50403042;50.0621436
2883;14.4717813;50.06571036
2886;18.08969988;49.67613273
2889;14.4373017;50.1061133
2899;18.65473;47.84901
2907;14.02626966;49.04985859
2908;14.02626966;49.04985859
2920;14.10540205;50.759779
2921;14.04582115;50.75606309
2922;14.02360544;50.73882353
2923;14.51867165;50.95637204
2924;14.17097523;50.77911391
2925;14.15391003;50.77990424
2926;14.12379465;50.77051444
2927;14.08173215;50.75807888
2928;14.07032876;50.75591037
2929;16.73329807;49.10799037
2930;16.57041697;49.16221259
2931;13.40783048;49.73485112
2934;16.54464534;49.16467216
2936;15.99010048;50.74425786
2937;15.99010048;50.74425786
2951;43.46344943;41.7913232
2957;14.73497292;49.29852165
2962;15.75236343;50.09289083
2964;13.92643106;50.70364907
2965;13.89748478;50.69106398
2966;13.87877287;50.67235854
2967;13.87877287;50.67235854
2968;13.87877287;50.67235854
2969;13.82039778;50.65884631
2970;13.80702251;50.65103747
3000;14.5258525;50.1216639
3001;15.4458092;50.4933714
3002;14.4628989;50.6237511
3003;15.2590564;50.5410075
3004;15.1340383;50.8719692
3005;15.4813658;50.5640683
3006;15.3606453;50.6906564
3007;14.6368586;50.5870256
3008;15.2312817;50.9611175
3009;15.4037444;50.5716561
3010;14.9701497;50.7879356
3011;14.4848639;50.7694897
3012;15.0683822;51.0229589
3013;15.3186589;50.7899986
3014;15.0856189;50.6607558
3015;14.8542764;50.8017792
3016;14.6467297;50.8489658
3017;14.76324;50.6876119
3018;14.5816706;50.7358633
3019;15.2823497;50.7514981
3020;15.4872222;50.6369444
3021;13.7114731;50.2410536
3022;14.4398069;50.4479789
3023;14.2283964;50.8057011
3024;14.3199872;50.9661217
3025;13.9841689;50.4777119
3026;13.9628292;50.3459264
3027;14.6131714;50.9225053
3028;13.8219561;50.6207008
3029;14.4946417;51.0049472
3030;13.81887;50.35113
3031;13.4299494;50.1722061
3032;13.2699764;50.3741822
3033;14.3155125;51.0556564
3034;14.2239419;50.3541117
3035;14.0913194;50.6659264
3036;14.3555361;50.687165
3037;14.2008031;50.5597483
3038;13.6100583;50.5266978
3039;13.4269314;50.4050572
3040;13.6106881;50.64712
3041;12.8764606;49.9664803
3042;12.5258;50.1224539
3043;12.7711128;50.3947433
3044;12.74;50.325
3045;12.1866506;50.2249092
3046;13.2462592;50.1057922
3047;13.0182039;49.9972311
3048;12.8724725;50.3094061
3049;12.5100397;50.36727
3050;12.4523297;50.0201044
3051;12.5476042;50.2367431
3052;12.7509872;50.1848036
3053;12.3995;50.1501008
3054;12.2538681;50.1023117
3055;12.3400833;50.2058333
3056;12.8459836;50.2041725
3057;12.9019711;50.1224386
3058;12.2700997;50.1983986
3059;13.0269822;50.3175736
3060;12.7086603;50.2685964
3061;13.6188975;49.2797203
3062;12.8623725;49.431
3063;13.7383922;49.462835
3064;13.5652297;49.6553139
3065;13.2002914;49.1652114
3066;13.2287892;49.3318144
3067;12.9124514;49.5344408
3068;12.8674636;49.8069089
3069;12.6812517;49.7742472
3070;12.7568036;49.5641047
3071;13.3775581;49.7947783
3072;13.2961425;50.0399233
3073;13.075245;49.3953994
3074;12.6669172;49.6796767
3075;13.3903617;49.9354725
3076;13.6341233;49.6317892
3077;13.5665047;49.8775386
3078;13.0040472;49.9401178
3079;13.0917811;49.7118811
3080;13.2473056;49.6111058
3081;14.1274042;49.3792572
3082;14.5147244;49.3672856
3083;14.7755244;48.7893567
3084;14.6896356;49.2657719
3085;13.7557519;49.2975422
3086;13.9192314;48.8127108
3087;13.9400772;49.3760281
3088;14.2832139;48.86551
3089;14.7615056;49.0481014
3090;14.4759992;49.0368456
3091;15.4188364;49.1028331
3092;14.5184064;49.4779925
3093;14.2225903;49.37487
3094;14.0117961;48.9788172
3095;14.1171306;49.2647217
3096;13.8227281;48.8742483
3097;14.8332542;49.429345
3098;14.892465;49.2242892
3099;14.1167497;49.1230528
3100;14.6290472;49.4995778
3101;13.9521417;50.1296217
3102;15.1728303;50.1271217
3103;14.4561222;49.6988067
3104;15.1232386;49.9988889
3105;14.6675997;50.4601222
3106;15.2108958;49.8891561
3107;13.8324678;49.5494047
3108;14.5082764;50.2565089
3109;14.9902081;49.8377389
3110;15.4423156;49.9085453
3111;14.0271886;50.2640111
3112;14.2548594;50.1639794
3113;14.9626258;50.3685989
3114;14.7373814;49.9100994
3115;15.2988997;50.1878014
3116;14.0441431;49.8234314
3117;13.5299778;50.0823978
3118;14.254435;49.8775136
3119;14.9370486;50.0285472
3120;14.0023039;49.5578636
3121;15.8894078;50.3982467
3122;15.9111031;50.6294814
3123;16.0697278;50.5039958
3124;16.1980125;50.4154661
3125;15.6027244;50.5076767
3126;15.7274456;50.5397428
3127;15.5198011;50.49043
3128;15.1698008;50.4703072
3129;15.53283;50.1876781
3130;15.6071394;50.6295561
3131;16.3220522;50.6324786
3132;16.3253664;50.5218728
3133;15.7651364;50.3120006
3134;16.1461231;50.5915933
3135;15.3820889;50.4718564
3136;15.2659028;50.3322747
3137;16.199735;50.1226253
3138;15.8653317;50.2379222
3139;15.4365969;50.3308894
3140;16.11533;50.2649878
3141;15.6027619;49.9665731
3142;15.9797619;49.7801703
3143;16.6000169;50.0296861
3144;15.9492236;49.8941475
3145;15.6802511;50.0757175
3146;16.51197;49.6470047
3147;16.6556594;49.8409944
3148;16.0925758;49.9705744
3149;16.4992928;49.8500825
3150;16.7051819;50.0320064
3151;16.2039389;50.0350136
3152;16.2028178;49.8699947
3153;16.7552078;50.0958072
3154;16.4278931;50.0407758
3155;15.9148164;49.960125
3156;15.5862656;49.8791861
3157;16.6138681;49.9140831
3158;16.0429761;49.8359047
3159;15.4371086;50.0222367
3160;15.8541128;50.0647006
3161;16.1175628;49.2277575
3162;15.4766247;49.8171606
3163;15.2385928;49.2594683
3164;15.8425922;49.5385708
3165;15.0141008;49.4238286
3166;15.6546694;49.4745333
3167;16.0261794;49.3600686
3168;15.3181122;49.6438367
3169;16.2256936;49.2908203
3170;15.4830119;49.2104097
3171;15.6773286;49.7140225
3172;15.3831536;49.5448444
3173;15.4829586;49.2913406
3174;16.2490133;49.5186844
3175;15.8924122;49.0941414
3176;15.8055622;49.6968444
3177;15.4846592;49.4081047
3178;15.9468019;49.2842944
3179;16.0755306;49.5628556
3180;15.8829425;49.2174408
3181;15.8089697;48.8928981
3182;16.6124425;49.3091572
3183;17.2719183;48.8780081
3184;16.7349233;48.9339269
3185;17.4282019;48.924985
3186;16.8947942;48.7279658
3187;16.0428344;48.8542003
3188;16.3533033;48.992555
3189;16.9377169;49.2796939
3190;16.9463258;48.9043128
3191;16.3167114;49.4517906
3192;17.192;49.02643
3193;16.4002553;49.3532781
3194;16.6362147;48.8065567
3195;16.8886078;49.1700003
3196;16.6439806;49.4093472
3197;16.6148208;49.0902286
3198;16.6095253;49.1988461
3199;16.5974058;49.5041942
3200;16.4260817;49.1173978
3201;17.4738706;49.2430783
3202;17.7397358;49.2630842
3203;17.2150086;49.1404642
3204;17.3652808;49.0613372
3205;18.2936297;49.3523183
3206;18.0384086;49.1339131
3207;17.8130553;49.4040336
3208;17.4581314;49.0353917
3209;17.5869658;49.0172728
3210;18.1068986;49.4863628
3211;17.5816775;49.332795
3212;18.0389497;49.4362322
3213;17.3087269;49.1835408
3214;17.9898739;49.3393861
3215;17.844485;49.0250686
3216;17.6369144;49.1644919
3217;17.8690711;49.0950972
3218;18.1324075;49.194795
3219;17.6864308;49.0738933
3220;17.3831889;49.2975111
3221;17.1102508;49.4721881
3222;16.8329192;49.8656686
3223;17.0764219;49.7052042
3224;17.2498492;50.28363
3225;17.0771339;49.5775514
3226;17.1853003;50.3719917
3227;17.3382444;49.6292428
3228;17.1566814;50.0714275
3229;17.4231894;49.3931664
3230;16.8466939;49.5268975
3231;17.32603;49.4659153
3232;17.4285953;50.2567428
3233;16.9706411;49.9655333
3234;17.5847983;49.5269214
3235;17.1008656;50.3098033
3236;17.3016658;49.7323258
3237;17.8025361;49.5873078
3238;17.1741639;49.4029614
3239;16.8361122;49.9378239
3240;17.2130381;50.2293917
3241;18.1172242;49.5914711
3242;17.9144706;49.9188506
3243;17.2688467;49.9341603
3244;18.5697353;49.8919956
3245;18.8004094;49.5295867
3246;18.3236381;49.9207803
3247;18.0749689;49.7254544
3248;17.7332733;50.0504942
3249;17.9346669;49.6472358
3250;17.7733678;49.8047531
3251;18.4473267;49.5459714
3252;17.446785;50.1051008
3253;18.0225081;49.5382717
3254;18.5902419;49.7876614
3255;17.5741622;50.2043436
3256;18.4842053;49.6365508
3257;18.2924622;49.8337061
3258;17.4647533;49.9902572
3259;18.1518092;49.9714889
3260;18.4299958;49.7799639
3261;16.0304772;49.7123525
3262;16.0323806;49.6707894
3263;16.1368425;49.7079692
3264;17.5282639;49.7854944
3265;17.5420075;49.7769286
3266;17.5053986;49.755255
3267;18.5527028;49.6428992
3268;18.6072347;49.6206617
3269;18.6275292;49.6275558
3270;15.13533;50.8157856
3271;15.1579069;50.8140386
3272;15.1538678;50.7757
3273;15.9270636;50.6691097
3274;15.8456347;50.6961939
3275;15.8325842;50.7081728
3276;16.6814583;49.632295
3277;16.7829094;49.6475008
3278;16.8236278;49.6543136
3279;13.3980892;49.2636425
3280;13.3309028;49.2215031
3281;13.2463539;49.203435
3282;14.5384097;48.7904161
3283;14.5827361;48.7686628
3284;14.5515403;48.7439089
3285;13.7653403;50.7336436
3286;13.7928961;50.7438633
3287;13.8565269;50.7067228
3288;16.65138;48.8844481
3289;16.6504275;48.8694589
3290;16.5848294;48.8573875
3291;16.9904314;50.2099894
3292;16.9751281;50.2269167
3293;16.9217039;50.2259522
3294;12.6679581;50.0261336
3295;12.7234994;50.0152489
3296;12.7729997;50.0367011
4001;15.081445;50.77751802
4002;17.27631826;49.60164993
4003;18.28725035;49.83273958
4004;13.63029773;50.52522947
4005;13.62721825;50.60820841
4006;13.38379674;49.78375439
4007;13.37231597;49.78212935
4008;13.37086362;49.73760071
4009;13.38606229;49.74481099
4011;13.60985658;50.59358903
4012;18.20984556;49.82430482
4013;18.26813354;49.85074953
4014;17.27760118;49.59202048
4015;15.04650079;50.76238366
2971;18.6365414;49.7512589
2972;18.6242808;49.8701094
2973;18.3115331;49.9256517
2974;13.7861692;50.7606697
2975;13.8584414;50.9814300
2976;14.3220472;51.0907517
2977;14.5262469;51.0342522
2978;12.2294033;50.0773100
2979;12.3114711;50.2175292